CustomerID,Name,Email,Type
1,Beverly Myers,sarabanks@example.com,Member
2,Michael Morton,garymartin@example.net,Member
3,Darrell Stone,whaas@example.com,Member
4,Thomas Barnes,snorman@example.org,Guest
5,Jordan Trujillo,dparker@example.com,Member
6,Andrew Griffith,amy63@example.com,Guest
7,Sarah Villa,gonzalezronald@example.com,Guest
8,James Wright,johnsonjeremy@example.net,Guest
9,Juan Wilkinson,sosapaige@example.org,Guest
10,Rachael Young,castrobryan@example.net,Member
11,James Jackson,janet63@example.com,Member
12,Brandon Farrell,hancocklori@example.org,Guest
13,James Snyder,tatkinson@example.org,Member
14,Mariah Buchanan,obutler@example.org,Guest
15,Matthew Watson,steven25@example.net,Guest
16,Tammy Gibbs,lindafoster@example.net,Guest
17,Jessica Diaz,hheath@example.org,Guest
18,Christine Moore,melissaroy@example.net,Member
19,Benjamin Adams,newmankatherine@example.com,Guest
20,John Anderson,srobinson@example.org,Guest
21,Rebecca Young,daltondenise@example.net,Guest
22,Kimberly Doyle,shafferchristopher@example.net,Guest
23,Jacqueline Hodge,farmerbobby@example.com,Member
24,Joel Williams MD,woodsjavier@example.net,Guest
25,Justin Jones,ashley24@example.org,Member
26,Ashley Morse,davisjohn@example.com,Guest
27,Brianna Stewart,ericawilson@example.com,Guest
28,Lisa Underwood,pedwards@example.org,Member
29,Jason Mathis,jwoodard@example.org,Member
30,Taylor Rivera,mike58@example.org,Guest
31,Matthew Johnson,parkerkimberly@example.net,Guest
32,Lee Adams,djones@example.org,Member
33,Ann Archer,stephaniemayer@example.com,Guest
34,Mr. James Perkins,garyweaver@example.com,Guest
35,Patrick Mccullough,ngibson@example.org,Guest
36,Chad Crawford,bryanmejia@example.org,Member
37,Meghan Erickson,jessica02@example.net,Guest
38,Robert Edwards,tamarabryant@example.org,Member
39,Joshua Rose,barneskatie@example.net,Member
40,Kristin Duarte,bradshawautumn@example.com,Guest
41,Megan Williams,ifernandez@example.net,Member
42,Lauren Bishop,ryan07@example.org,Member
43,Anthony Hicks,anna69@example.net,Guest
44,Cheryl Mason,craigmartinez@example.net,Member
45,George Nelson,cnichols@example.com,Member
46,Jocelyn Johnson,mholland@example.org,Member
47,Richard Williams,escobaraaron@example.org,Guest
48,Sheryl Ortiz,dana37@example.com,Guest
49,Elizabeth Gonzalez,farleyrebecca@example.net,Guest
50,Kenneth Quinn,deborahwatkins@example.com,Member
51,Sarah Brown,taylordiane@example.net,Guest
52,Hannah Fisher,heather42@example.net,Guest
53,Angela Mcbride,josephtran@example.org,Guest
54,Karen Walker,greeneelizabeth@example.org,Member
55,Nichole Richards,nancy64@example.org,Guest
56,Olivia Decker,stevensbrent@example.org,Member
57,Jeffrey Jones,bensonwilliam@example.org,Guest
58,Susan Miranda,clineallison@example.net,Guest
59,Heather Dean,ericbaker@example.com,Member
60,Patrick Williams,melissahaley@example.org,Member
61,John Spencer,cheryl93@example.net,Member
62,Kristina Stone,kathychen@example.net,Guest
63,Allison Graham,wilsonmorgan@example.com,Guest
64,Maria Shepherd,michaelhernandez@example.com,Guest
65,Kaitlin Drake,jakeyates@example.com,Member
66,Breanna Shah,masonhunter@example.net,Guest
67,Ethan Campbell II,leekenneth@example.org,Guest
68,Lindsay Lee,paulrobles@example.com,Member
69,Nicole Morales,matadaniel@example.net,Guest
70,Pamela Kramer,annamurphy@example.net,Guest
71,Jamie Smith,ikim@example.org,Guest
72,Alexander Campbell,boyertoni@example.org,Guest
73,Tina Velazquez,kmurillo@example.net,Guest
74,Brandon Montgomery,elliottjohnny@example.com,Member
75,Brittany Cruz,christina21@example.net,Member
76,Angel Anderson,anthony98@example.org,Member
77,Rhonda Jones,yjones@example.com,Guest
78,William Arellano,dunnnicole@example.org,Member
79,Joseph Green,jared91@example.org,Member
80,Michael Wade,hannah00@example.com,Member
81,Christopher Bright,powellbradley@example.net,Guest
82,Gilbert Green,matthewrusso@example.com,Member
83,Sarah Farmer,xsullivan@example.com,Member
84,Max Jacobs,tmosley@example.net,Member
85,Ruben Carter,bdixon@example.com,Member
86,Courtney Delacruz,lewisshelby@example.com,Guest
87,Tracey Rojas,sanchezlisa@example.net,Member
88,Brian Martinez,amywallace@example.org,Member
89,Rebecca Kim,greg67@example.net,Guest
90,Ashley Lane,david77@example.org,Member
91,Corey Marquez,moorenicholas@example.net,Member
92,Sherri Steele,tjohnson@example.com,Guest
93,Justin Preston,josephdonaldson@example.com,Member
94,Gabriel Maldonado MD,renee99@example.com,Guest
95,Julie Collins,devonlee@example.com,Guest
96,Joseph Duarte,rsantiago@example.com,Guest
97,Amy Williams,michaelhodge@example.org,Guest
98,John Vaughn,kendra60@example.com,Member
99,Mr. Edward Mueller,angel00@example.org,Guest
100,Brian Simpson,julie99@example.net,Member
101,Jacob Ferrell,watsonmark@example.com,Guest
102,Linda Harrington,ffreeman@example.com,Guest
103,Catherine Williams,msmith@example.net,Guest
104,Katrina Scott,josecastaneda@example.net,Member
105,Cathy Sanchez,xrobinson@example.org,Member
106,Daniel Lopez,johnsoncourtney@example.net,Member
107,Juan Pena,erin83@example.com,Member
108,Jennifer Russell,denisehart@example.org,Guest
109,Jason Anderson,mollymercer@example.net,Member
110,Alexander Love,robinsonmelinda@example.org,Guest
111,Grace Short,nicolemccoy@example.org,Guest
112,Joshua Morales,kevinli@example.net,Member
113,Jerry Taylor,maria46@example.net,Guest
114,Denise Tucker,amy75@example.com,Guest
115,Samuel Johnson,brandonmoore@example.org,Guest
116,Ethan Chung,jenniferhawkins@example.net,Guest
117,Adam Webb,iperry@example.net,Member
118,Troy Cook,robert21@example.org,Guest
119,Michael Rogers,harrissheila@example.com,Member
120,Wanda Smith,nealmaria@example.net,Member
121,Austin Perez,matthew31@example.com,Member
122,Megan Smith,paulbryan@example.org,Guest
123,William Luna,teresabartlett@example.com,Member
124,Scott Wilson,alexander60@example.net,Guest
125,Tony Cunningham,stephenhahn@example.net,Member
126,Christopher Peterson,davidalexander@example.com,Member
127,Lisa Flores,susan01@example.net,Member
128,Sandra Roth,valerie32@example.org,Member
129,Debbie Washington,wallacelinda@example.com,Member
130,Mr. Douglas Johnson DVM,ryan02@example.com,Member
131,Elijah Perez,joseph99@example.net,Member
132,Daniel Campbell,jmoses@example.net,Guest
133,Richard Mcclure,dadams@example.com,Guest
134,Anthony Morgan,patrick17@example.com,Member
135,Kenneth Bradley,durantracy@example.net,Member
136,Christine Ross,vsmith@example.net,Member
137,Cameron Thomas,hillpaul@example.net,Guest
138,Michael Peck,slambert@example.com,Member
139,Samantha Williamson,bruceanthony@example.org,Member
140,Andrew Clark,amandarich@example.net,Member
141,Tanner Hamilton,njoseph@example.org,Guest
142,Trevor Mejia,gloriamiller@example.com,Member
143,Jason Quinn,katiecastillo@example.net,Member
144,William Anderson,wjuarez@example.com,Guest
145,Louis Baker,katie36@example.com,Guest
146,Shannon Diaz,hayesedward@example.com,Guest
147,Elizabeth Hill,lopezjennifer@example.net,Guest
148,Brittany Schneider,alexander89@example.net,Member
149,Melanie Hoffman,carlos96@example.org,Member
150,Phillip Adams,valerie71@example.com,Member
151,Amber Tyler,jenniferdavis@example.com,Guest
152,Jeremy Edwards,peter54@example.org,Guest
153,Eric Thornton,zwallace@example.com,Member
154,Brooke Wallace,dylan41@example.com,Member
155,Trevor Cruz,paul46@example.org,Guest
156,Abigail Harris,thompsonsamantha@example.com,Member
157,Theresa Adkins,nancy27@example.com,Guest
158,Timothy Kelley,teresa04@example.org,Member
159,Eduardo Snyder,davisstephanie@example.com,Guest
160,Lindsay Greene,jameslinda@example.org,Member
161,Angela Adams,bharvey@example.net,Member
162,Michele Clark,christinawarner@example.com,Guest
163,Michele Davis,danielleroth@example.com,Member
164,Mary Owens,marilynwhite@example.net,Guest
165,James Figueroa,allensara@example.net,Member
166,Christopher Kelley,tbrown@example.com,Member
167,Michael Vaughn,deborah38@example.net,Guest
168,Ronald Frazier,leah08@example.net,Member
169,Karen Moon,dylansmith@example.org,Guest
170,Jessica Cook,ronald36@example.net,Guest
171,Samuel Jones,palmernatalie@example.com,Member
172,Cynthia Gutierrez,stephanie35@example.net,Guest
173,Phillip Kelley,shawn07@example.net,Member
174,Yolanda Chung,lindsey81@example.com,Member
175,Zoe Elliott,terriroberts@example.net,Guest
176,Erika Sanchez,cjimenez@example.org,Guest
177,Christine Rogers,salazarsarah@example.com,Member
178,Jose Benson,kimberly75@example.org,Guest
179,Edward Wilson,qhunt@example.com,Guest
180,Mary Harrison,jacobwalker@example.org,Member
181,Richard Robinson,sherrijacobs@example.net,Member
182,Leslie Pitts,christinasmith@example.com,Member
183,Dr. Shannon White,kleinjulie@example.net,Member
184,Jason Harper,jessica63@example.net,Guest
185,Robert Mcgee,diazmichelle@example.net,Guest
186,Nicholas Herrera,jennifermonroe@example.net,Member
187,Samuel Martin,brittanyarmstrong@example.org,Member
188,Andrew Powers,wmorales@example.org,Member
189,Adam Compton,nmason@example.com,Member
190,Melanie Roberts,michaelweaver@example.com,Guest
191,April Henson,robert06@example.org,Guest
192,William Bradley,srodriguez@example.org,Member
193,Crystal Wagner,andersoncarl@example.com,Member
194,Larry Wheeler,ppeters@example.net,Guest
195,Ryan Thomas,kelseyjones@example.org,Guest
196,Tracey Shaw,nicolebryant@example.net,Guest
197,April Brown,julie25@example.org,Guest
198,Deanna Anderson,timothyglenn@example.org,Member
199,Joseph Hayes,bentleycraig@example.com,Guest
200,Shane Miller,heatherwebb@example.com,Member
201,Patrick Lozano,rjohnson@example.com,Member
202,Nathan Cox,rharrison@example.net,Member
203,Amanda Cochran,whitneyhudson@example.net,Guest
204,Dr. Jennifer Burton,annzuniga@example.com,Guest
205,Miranda Crawford,dmueller@example.com,Guest
206,Jeff Leonard,thomas48@example.com,Member
207,Kenneth Rose,davisshelly@example.net,Guest
208,Trevor Robinson,johnmarshall@example.com,Member
209,Christina Baldwin,william06@example.org,Member
210,Lindsay Hamilton,grahammichelle@example.net,Member
211,Shawn Moreno,tsmith@example.net,Member
212,Lori Carr,wongrodney@example.net,Guest
213,Lauren Dickerson,johnwilliams@example.org,Member
214,Paul Payne,hlewis@example.org,Member
215,Kathryn Adkins,joel68@example.org,Member
216,Daniel Camacho,garciachristina@example.com,Member
217,Joan Mccarty,dstokes@example.net,Member
218,Michael Evans,qmitchell@example.com,Guest
219,Katelyn Bennett,jo82@example.net,Member
220,Scott Hill,lisa62@example.com,Member
221,Christopher Harper,robertsonregina@example.net,Member
222,Kenneth Estrada,nathaniel37@example.net,Member
223,Stacey West,bacosta@example.net,Guest
224,Zachary Black,edwardfisher@example.com,Guest
225,Deborah Moore,spayne@example.com,Guest
226,Ryan Conrad,dawn05@example.net,Member
227,Melissa Phillips,juliehammond@example.com,Guest
228,Juan Allen,jfletcher@example.com,Member
229,Benjamin Evans,parkerernest@example.org,Member
230,Tiffany Rangel,michael80@example.com,Member
231,Lisa Carpenter,fbrooks@example.com,Guest
232,Kimberly Davis,christopher98@example.org,Member
233,Jordan Vaughan,rhawkins@example.org,Guest
234,Donald Gordon,maxwellrobin@example.com,Guest
235,Daniel Clark,edward26@example.org,Member
236,Kelsey Jenkins,vvazquez@example.com,Guest
237,Jennifer Flynn,jessica14@example.net,Guest
238,Daniel Mcmillan,dustinwright@example.com,Guest
239,Valerie Black,vbush@example.org,Guest
240,Jose Schwartz,walter60@example.net,Guest
241,Joyce Young,gmoore@example.com,Member
242,Eric Carter,ehunt@example.net,Member
243,Patrick Sanders,jacob22@example.org,Member
244,Christine Manning,brittanywilson@example.com,Guest
245,Dr. Lynn Hoffman,srobinson@example.com,Member
246,Matthew Serrano,gibsonvictor@example.com,Guest
247,Juan Brown,tylerstone@example.net,Member
248,Allen Mcdowell,edward15@example.org,Member
249,Shannon Ross,watersbrenda@example.net,Member
250,Tracy Weber,jeremyramirez@example.net,Member
251,Jordan Miller,vcampbell@example.com,Member
252,Kristina Taylor,moorelisa@example.net,Guest
253,Ashley Blackburn,larry43@example.org,Member
254,Christine Kramer,douglas08@example.net,Guest
255,Julie Vargas,sbrown@example.org,Guest
256,David Wells,qsmith@example.net,Member
257,Sarah Avila,brandonmartin@example.com,Member
258,Lisa Lawrence,westmaurice@example.org,Guest
259,Dylan Gonzales,patriciablevins@example.org,Guest
260,Paul Murray,zlowery@example.org,Member
261,Christie Russell,alexandersmith@example.org,Guest
262,Joann Jensen,seansmith@example.net,Guest
263,Brett James MD,vsandoval@example.net,Guest
264,Tammy Douglas,matthew87@example.com,Guest
265,Gloria Brown,crystal69@example.org,Guest
266,Ann Herrera,cassidybradley@example.com,Member
267,Stephanie Clark,vramirez@example.com,Member
268,Jonathan Jimenez,jacquelinesanchez@example.org,Member
269,Mrs. Mariah Mercado,theresa19@example.net,Member
270,Tanner Roman,corey65@example.com,Member
271,Amber Kane,blutz@example.com,Guest
272,Alexandra Contreras,donnalee@example.org,Member
273,Denise Jones,qrussell@example.com,Member
274,Alexandria Duncan,krystalcurry@example.com,Guest
275,Nicole Davidson,jacob28@example.com,Guest
276,Ryan Wang,mccormickjessica@example.com,Member
277,Anna Rodgers DDS,wbaker@example.com,Member
278,Terri Powell,kruegerbrandon@example.com,Member
279,Debbie Miller,bennettsara@example.net,Member
280,Margaret Miller,erosales@example.org,Member
281,Jane Baxter,ginafrench@example.net,Guest
282,Leslie Mejia,griffithkelly@example.net,Guest
283,Robin Bond,huffsean@example.org,Member
284,Jennifer Barton,joannrivera@example.net,Guest
285,Jeffrey Diaz,jacobsdylan@example.com,Guest
286,Susan Davis,william97@example.com,Guest
287,John Morris,angela52@example.org,Member
288,Matthew Manning,daniellemiller@example.com,Member
289,Christopher Hamilton,mnavarro@example.org,Member
290,Julie Rodriguez,tjoyce@example.com,Member
291,Alex Norman,hebertkimberly@example.net,Member
292,Thomas Stephenson,karenlawrence@example.org,Member
293,Jon Morrow,lacey54@example.net,Member
294,Darren Green,carneylisa@example.net,Guest
295,Dr. Sara Clark MD,paulbrooks@example.net,Guest
296,Jamie Newman,floresmark@example.net,Member
297,Amy Hernandez,micheal90@example.com,Member
298,Nathan Ritter,victoria14@example.org,Guest
299,Rick Duncan,susan73@example.org,Guest
300,Kurt James,jason03@example.com,Guest
301,Leah Yoder,ellisluke@example.com,Guest
302,Henry Levy,zjones@example.org,Guest
303,Ana Walker,cookjaime@example.com,Member
304,Maureen Winters,payneconnie@example.net,Guest
305,Shannon King,shane24@example.net,Guest
306,Daniel Sanchez,gabriellewall@example.org,Member
307,Micheal Woodard,crystal56@example.org,Guest
308,Susan Wagner,aaron40@example.org,Guest
309,Julie Taylor,keithsantana@example.org,Guest
310,Janet Smith,handerson@example.org,Guest
311,David Smith,scott34@example.net,Member
312,Justin Blackburn,kcollins@example.com,Guest
313,Kayla Caldwell,aphillips@example.net,Guest
314,Katelyn Mcknight,brianna62@example.com,Member
315,Julia Abbott,dthomas@example.com,Member
316,Amanda Barnett,fcampbell@example.com,Guest
317,Kari Jones,smithchristina@example.com,Member
318,Leslie Larson,megan27@example.com,Guest
319,Christie Green,ccox@example.com,Guest
320,Johnny Washington,hhouston@example.org,Member
321,Jacob Young,stephen19@example.net,Member
322,Dylan Chandler,april77@example.org,Guest
323,Tony Allen,kathleen43@example.net,Member
324,Monica Patton,jessicamiller@example.org,Member
325,Jamie Boyd,kennedykiara@example.org,Member
326,Jennifer Reese,ricedustin@example.net,Guest
327,Stefanie Johnson,brianboyd@example.net,Member
328,Thomas Krause,icabrera@example.net,Member
329,Kelly Jones,leslie33@example.org,Member
330,Jessica Lozano MD,jenniferbenitez@example.com,Member
331,Robert White,amy66@example.org,Guest
332,Cristina Brewer,smccormick@example.org,Guest
333,Kelly Cohen,michellemoore@example.net,Member
334,Bradley Miller MD,ymartinez@example.org,Guest
335,Susan Good,kimwesley@example.com,Member
336,Brandon Jordan,carneyrobert@example.net,Member
337,Olivia Holmes,nortonrandy@example.com,Guest
338,Steven Martin,sharonhobbs@example.net,Member
339,Jasmine Baldwin,williamwilliams@example.net,Guest
340,Amanda Bradshaw,vincent21@example.org,Guest
341,Robin Tucker,kenneth41@example.net,Member
342,Angela Vance,tjuarez@example.net,Member
343,Shannon Ryan,timothyhunt@example.org,Guest
344,Steven Thompson,samantha11@example.com,Member
345,Kayla Jacobs,marcus21@example.com,Member
346,Monica Pena,andrew49@example.net,Guest
347,Donald White,qburns@example.org,Guest
348,Audrey Gray,jessica32@example.net,Guest
349,Peter Garcia,brookstina@example.org,Member
350,Christopher Wheeler,twood@example.org,Member
351,Diana Williams,browndaniel@example.com,Member
352,Gregory Jordan,qrose@example.org,Member
353,Robert Olson,jasonknight@example.org,Guest
354,Mason Berry,emorris@example.net,Member
355,Marie White,stephanie50@example.com,Member
356,Stacey Wagner,cboyd@example.net,Member
357,Chad Williams,alexandra72@example.com,Guest
358,Alyssa Francis,nicholas96@example.com,Member
359,Robert Harper,rwalker@example.org,Member
360,Jocelyn Campos,marcjohnson@example.net,Guest
361,Jill Sandoval MD,michael53@example.com,Guest
362,Nathaniel Brooks,joshua95@example.org,Member
363,James Richmond,mistyleonard@example.org,Guest
364,Travis Chen,leondavid@example.org,Member
365,Melanie Perez,caroline56@example.net,Guest
366,Stephanie Kelly,henryamy@example.net,Guest
367,Karen Cruz,johnortiz@example.com,Guest
368,Brandy Rios,merrittbruce@example.com,Guest
369,Gabrielle James,pmurray@example.com,Member
370,Joshua Glenn,stevenkeller@example.com,Member
371,Cody Weeks,sean90@example.net,Member
372,Elizabeth Nichols,milleremily@example.org,Guest
373,Jason Kelley,srussell@example.org,Guest
374,Kathy Meadows,ewalker@example.net,Guest
375,Jody Williams,blankenshippamela@example.com,Member
376,Kathy Doyle,hhester@example.net,Guest
377,Sara Alexander,gsandoval@example.net,Guest
378,Katelyn Stephens,brownrachel@example.com,Guest
379,William Cannon,boyersharon@example.org,Member
380,Daisy Sutton,barbara14@example.net,Member
381,Justin Murray,beth63@example.net,Guest
382,Daniel Manning,rhodesdavid@example.com,Member
383,Ryan Navarro,johnsonshari@example.net,Member
384,Ryan Joseph,brendawatkins@example.net,Member
385,Jillian Martin,smithcody@example.org,Guest
386,Patrick Dixon,lauren98@example.net,Guest
387,Richard Miller,aholmes@example.net,Member
388,James Davis,johnsonbryan@example.com,Member
389,Kristi Anderson,smithmatthew@example.com,Member
390,Savannah Mckee,hammondjoseph@example.com,Member
391,Sarah Rivera,melissajohnston@example.net,Guest
392,Tina Berger MD,shannonwright@example.org,Guest
393,Melinda Richards,michael40@example.com,Member
394,Brooke Hunter,pottsbrian@example.com,Member
395,Sara Oconnor,pattersonrichard@example.com,Guest
396,Debra Thompson,lauren53@example.net,Member
397,Emily Young,barrettdavid@example.org,Member
398,Bryan Diaz,pedro40@example.net,Guest
399,Steven Thompson,aprilmoore@example.org,Member
400,Deborah Diaz,sjones@example.org,Member
401,Sheryl Irwin,xallen@example.net,Member
402,Seth Moon,lisa49@example.net,Member
403,Jennifer Williams,fdorsey@example.org,Guest
404,Penny Wagner,riverashannon@example.org,Member
405,Anthony Zimmerman,anthonybell@example.com,Member
406,Latoya Henry,franciscocollier@example.org,Member
407,Sharon Morrison,michaelhawkins@example.net,Guest
408,Evan Baker,erin74@example.org,Member
409,Barbara Williams,christopher99@example.org,Guest
410,Eric Stein,murphyemily@example.org,Guest
411,Tara Gomez,adickson@example.net,Member
412,Joseph Schmidt,brookemartin@example.net,Member
413,Charles Roach,jennifer63@example.org,Member
414,Andrea Juarez,ddouglas@example.net,Member
415,Todd Freeman,wmurray@example.com,Guest
416,Amy Foster,jessicasawyer@example.org,Guest
417,Mckenzie Mccormick,fostergregory@example.net,Guest
418,Luis Ryan,enelson@example.org,Member
419,Michael Jackson,klee@example.org,Member
420,Carol Shaw,wrightmatthew@example.net,Member
421,Donna Smith,mirandariley@example.org,Guest
422,Jessica Mcmahon,david10@example.org,Guest
423,Cynthia Martin,stephaniepreston@example.net,Guest
424,Michael Larson,ericbarnes@example.com,Guest
425,Marc Krueger,kconley@example.com,Guest
426,Christopher Parsons,reginald67@example.net,Guest
427,Tanner Heath,gweaver@example.org,Member
428,Michael Phillips,hebertamy@example.com,Guest
429,Michael Jackson,michaeljohnston@example.org,Member
430,Wesley Brown,mwatts@example.com,Member
431,Janice Hawkins,mcgeejennifer@example.com,Guest
432,Paul Ramos,willisjason@example.com,Member
433,Destiny Hughes,lewisjason@example.net,Guest
434,Jennifer Williams,charles08@example.org,Guest
435,Ricardo Mendez,william69@example.org,Member
436,Vanessa Calderon,moraleskatelyn@example.com,Member
437,Peter Stark,rachel25@example.net,Guest
438,Jessica Jefferson,lawrencepierce@example.net,Member
439,Stephanie Payne,jeffrey63@example.net,Guest
440,Jeffrey Bond,samantha92@example.net,Member
441,Robert Mckinney,hwebb@example.net,Member
442,William Johnson,zhurst@example.org,Member
443,Jennifer Holder,melissaevans@example.com,Member
444,Jamie Dickerson,ryan17@example.net,Guest
445,Lance Caldwell DDS,nathanglover@example.net,Guest
446,Matthew Brown,francis93@example.net,Member
447,Lance Pham,piercephillip@example.org,Guest
448,Kathryn Joseph,gomezdana@example.org,Guest
449,Jaime Johnson,hopkinsemily@example.org,Guest
450,Mary Duncan,jamesmelissa@example.org,Guest
451,Samuel Barber,omartinez@example.net,Guest
452,Jason Jones,nfry@example.net,Member
453,Joshua Valdez,spencercarla@example.org,Guest
454,Tina Hayes,fmunoz@example.com,Member
455,Mr. Jason Herring,fwu@example.org,Member
456,Suzanne Mcpherson,stevensdustin@example.net,Member
457,Johnny Humphrey,hrodriguez@example.com,Guest
458,Jonathan Dominguez,sholmes@example.com,Member
459,Peter Ramirez,bradleyjasmine@example.org,Guest
460,Jose Lopez,kellytucker@example.com,Member
461,Joseph Walton,makaylarojas@example.com,Member
462,Margaret Green,panderson@example.org,Guest
463,Abigail Garcia,jflores@example.net,Guest
464,William Ford,donovanchristopher@example.net,Member
465,Dr. Kevin Elliott,joshuawest@example.com,Guest
466,John Lowe,marialittle@example.net,Member
467,Katrina Hernandez,cbaker@example.org,Member
468,Rachel Trevino,colin10@example.org,Guest
469,Christopher Simmons,harmonandrew@example.net,Member
470,George Frye,smallscott@example.org,Guest
471,Tina Horton,donna66@example.net,Member
472,Kenneth Davis,smithlori@example.com,Member
473,Hannah Martin,zbrown@example.net,Member
474,Nicole Doyle,johnpope@example.net,Guest
475,Amy Miller,dfischer@example.org,Member
476,James Jimenez,uruiz@example.net,Member
477,Todd Stout DVM,udavis@example.org,Member
478,Deanna Moore,barneswilliam@example.net,Guest
479,Alexis Campbell,kathleen60@example.com,Member
480,Jacqueline Clarke,aaronallen@example.com,Member
481,April Mack,kramerkylie@example.net,Member
482,Carolyn Simmons,richard82@example.org,Member
483,Randy Allen,joseph90@example.com,Member
484,Stephanie Ross,kmurphy@example.org,Guest
485,Cameron Fry,hudsonbrenda@example.com,Member
486,Brent Allen,robinsonshannon@example.net,Guest
487,Nicole Keith,jmiddleton@example.com,Guest
488,Anthony Peters,braybrooke@example.com,Guest
489,Nicholas Martin,perrymary@example.com,Member
490,Christina Glover,natalielambert@example.net,Member
491,Elizabeth Mccormick,kelly80@example.com,Member
492,Karen Rodriguez,parsonsjoseph@example.net,Member
493,Katherine Mccoy,russell07@example.com,Member
494,Alexander Greer,jacksonjoseph@example.net,Member
495,Sarah Jones,kellysharon@example.net,Guest
496,Brandy Kerr,maxwelllee@example.org,Guest
497,Mark Moore,ipittman@example.com,Guest
498,Glenn Kerr,romerothomas@example.com,Guest
499,Michelle Monroe,lauren49@example.com,Guest
500,Peggy Haynes,jennifer44@example.net,Member
501,Denise Bailey,slang@example.com,Member
502,Wanda Melton,iramirez@example.org,Member
503,Richard Spencer,lindsay74@example.com,Member
504,Pamela Zamora,shepherdtheresa@example.net,Guest
505,Kimberly Martinez,ahorn@example.org,Member
506,Charles Terry,ygarcia@example.org,Guest
507,Michelle Fischer,mwillis@example.com,Guest
508,Shawn Conner,steelechristopher@example.org,Guest
509,Daniel Alexander,ffuller@example.net,Member
510,Mario Crosby,dawnjohnson@example.com,Guest
511,Katelyn Joseph,watkinsstephanie@example.com,Guest
512,Christopher Hawkins,nicole21@example.net,Member
513,Jill Petersen,cole59@example.org,Guest
514,John Macias,pamela00@example.net,Member
515,Jessica Kennedy,tiffanylloyd@example.com,Guest
516,Connie Faulkner,fostertonya@example.org,Guest
517,Chase Benjamin,bryandavis@example.org,Guest
518,Michael Mendoza,heather14@example.net,Member
519,Elizabeth Smith,rodriguezpeter@example.org,Guest
520,Jacqueline Jones,deannabaldwin@example.net,Guest
521,Tami Miller,christian37@example.net,Guest
522,Elaine Kemp,kristendavis@example.org,Guest
523,Beth Andrews,ywilson@example.org,Member
524,Adrian Wilson,brianroberts@example.net,Guest
525,Emily Martin,teresarogers@example.com,Member
526,Vanessa Waters,heather70@example.net,Guest
527,Robin Wheeler,alejandro32@example.com,Guest
528,Craig Powers,martindeanna@example.net,Guest
529,Crystal Owens,fwalker@example.com,Member
530,Jenny Anderson,mckenziewilliams@example.com,Member
531,Julia Adams,timothyadams@example.org,Guest
532,Alicia Frank,bobby19@example.net,Member
533,Erin Cooper,everettkeith@example.org,Member
534,Brad Mason,dianameyers@example.org,Guest
535,Kevin Young,avaughn@example.org,Guest
536,Harold Baxter,hallbradley@example.net,Member
537,Christopher Short,halljamie@example.com,Guest
538,Kenneth Ellis,fchambers@example.org,Member
539,Daniel Barr,sarahsilva@example.net,Member
540,Kimberly Morris,kmartin@example.com,Member
541,Stephen Petersen,iwhite@example.net,Guest
542,Lisa Robinson,gregorymckinney@example.net,Guest
543,Tracie Thompson,tjones@example.org,Guest
544,Heather Dawson,isaacdiaz@example.net,Member
545,Michael Smith,brittanyespinoza@example.org,Member
546,Jim Lewis,monicacastaneda@example.org,Guest
547,Kevin Deleon,jamesturner@example.org,Guest
548,Russell Ortega,jennifer37@example.org,Member
549,Veronica Miller,james64@example.com,Guest
550,Peter Maxwell,taralloyd@example.org,Member
551,Gary Kelly,pittscorey@example.org,Member
552,Andrew Miller,halldonald@example.org,Guest
553,Stephanie Burton,lhansen@example.net,Guest
554,Melissa Jackson,charles85@example.net,Guest
555,Robert Torres,lopezwilliam@example.org,Member
556,Angela Moore,jay44@example.net,Guest
557,Joe Martinez,wareheather@example.net,Member
558,Krista Black,robertsrebecca@example.org,Guest
559,Ashley Moore,katieabbott@example.net,Guest
560,Jonathan Smith,kathleen48@example.net,Member
561,Steven Logan,ofrye@example.org,Guest
562,Jerry Cortez,annealexander@example.org,Guest
563,Tammy Peterson,jodi99@example.org,Guest
564,Adam Fuller,pfoley@example.org,Guest
565,Victoria Diaz,catherineperez@example.org,Member
566,James Turner,kimberly50@example.org,Member
567,Tina Hale,nealmargaret@example.org,Guest
568,Mark Knight,ldominguez@example.org,Guest
569,Laurie Young,markdavis@example.net,Member
570,Cindy Vazquez,chenry@example.net,Guest
571,Eileen Castro,gmartinez@example.net,Guest
572,Madison Phillips,robin45@example.com,Member
573,Alexander Moreno,morganrivera@example.org,Member
574,Ryan Willis,kendraperez@example.com,Guest
575,Bradley May,thomasmorgan@example.com,Member
576,Christopher Mcpherson,michaelsantos@example.org,Guest
577,Collin Brown,coxchristie@example.org,Member
578,Brianna Dixon,robin39@example.org,Member
579,Michael Lewis,taylor31@example.org,Member
580,Sarah Mitchell,mpearson@example.net,Member
581,Leonard Espinoza,sandra94@example.com,Guest
582,Gerald Curry,anita08@example.org,Guest
583,Casey Ellis,hugheselizabeth@example.net,Member
584,Breanna Butler,schneideremily@example.net,Guest
585,Brandon Robertson,rhuang@example.net,Member
586,Amy Andrade,kellyortiz@example.net,Guest
587,Jason Lopez,steelemichael@example.org,Guest
588,Jason Scott,donnavargas@example.org,Guest
589,Brian Fisher,denise43@example.com,Guest
590,Suzanne Baird,ihernandez@example.org,Guest
591,Kyle Wang,buchananbrandi@example.org,Guest
592,Gary Chapman,nsmith@example.net,Guest
593,Stacy Goodwin,amanda77@example.net,Guest
594,Brenda Hopkins,dustin70@example.com,Member
595,Thomas Duncan,adam11@example.com,Guest
596,Matthew Gould,jamesconley@example.com,Guest
597,Joshua Garcia,xgarcia@example.org,Member
598,James Mitchell,ebailey@example.com,Member
599,Renee Booker,sali@example.com,Guest
600,Brenda Harris,williamturner@example.org,Member
601,Melissa Aguirre,oscott@example.com,Guest
602,Michelle Young,sharon09@example.org,Guest
603,Susan Cruz,racheljackson@example.org,Guest
604,Chelsea Crawford,uphillips@example.org,Member
605,Sharon Hudson,stephen02@example.net,Member
606,Austin Shelton,amullins@example.org,Member
607,Annette Smith,rodneyortega@example.net,Guest
608,Jody Mcpherson,ericamarquez@example.net,Member
609,Michael Farmer,william28@example.com,Guest
610,Richard Benitez,teresa16@example.com,Member
611,Eric Chase,kelly18@example.org,Guest
612,Theresa Hernandez,phillip56@example.net,Member
613,Jesse Montgomery,parsonspaula@example.org,Member
614,Michael Lucas,cmcconnell@example.net,Member
615,Joshua Alvarez,chandlermiguel@example.org,Guest
616,Angela Calhoun,howardtravis@example.net,Member
617,Christian Morgan,alester@example.org,Guest
618,William Johnson,amyjackson@example.org,Guest
619,Sean Luna,monica77@example.com,Guest
620,Cindy Nichols,phillip16@example.org,Guest
621,Angela Maynard,reyesconnie@example.org,Guest
622,David Peterson,duanewalker@example.com,Member
623,Sandra Oneal,byang@example.net,Guest
624,Todd Thomas,carlos74@example.com,Guest
625,William Lowery,jeffersonbrian@example.org,Guest
626,Paul Herrera,xdunn@example.net,Member
627,Tyler Morales,monica69@example.net,Member
628,Jennifer Marshall,hickspatrick@example.org,Member
629,William Jones,richardsonapril@example.org,Guest
630,Kayla Espinoza,zthomas@example.org,Guest
631,Kimberly Fitzpatrick,meltonjeffrey@example.com,Guest
632,Henry Pollard,allison85@example.org,Member
633,Laura Henry,wpark@example.com,Member
634,Gary Oneal,collinsmatthew@example.org,Member
635,Lori Zamora,ysmith@example.net,Guest
636,Timothy Washington,henrymichael@example.net,Member
637,Meredith George,williamsandrew@example.net,Guest
638,Jane Jones,nfuentes@example.com,Guest
639,Tara Hood,rachel73@example.net,Member
640,John Smith,jgonzalez@example.org,Guest
641,Michele Dixon,ipacheco@example.net,Guest
642,Joshua Sherman,leonardwalker@example.com,Member
643,Brian Estes,elizabethdiaz@example.org,Member
644,Ronald Stephenson,briannahinton@example.net,Guest
645,Linda Bolton,laura90@example.org,Guest
646,Nancy White,joshuaday@example.com,Member
647,Lisa Glover,cwalsh@example.org,Member
648,Alicia Williams,bhawkins@example.com,Member
649,Chris Ross,dylan26@example.net,Member
650,Nicole Mitchell,jenningswilliam@example.org,Member
651,Brian Thompson,johnsonandrew@example.net,Member
652,Travis Jacobs,kimberlycrane@example.org,Guest
653,Jesse Lopez,ricardo24@example.net,Member
654,Rhonda Ramos,aduffy@example.com,Member
655,Brent Perez,pennylyons@example.net,Member
656,Kristina Barnes,zwilson@example.com,Guest
657,Alex Clark,selenamitchell@example.com,Guest
658,Alexis Taylor,pkim@example.org,Member
659,Lori Rodriguez,hannah33@example.com,Guest
660,Rachel Hanson,herbert13@example.com,Guest
661,Mrs. Megan Stephens MD,rogerskimberly@example.com,Guest
662,Susan Collins,rebeccachapman@example.com,Member
663,Kimberly Smith,mperez@example.org,Member
664,Michelle Ramirez,zvargas@example.net,Member
665,Jack Chang,julie72@example.com,Guest
666,Corey Gutierrez,zachary39@example.org,Guest
667,Scott Walker,colesmith@example.com,Member
668,Lisa Morgan,mholt@example.org,Member
669,Robert Wolfe,gregoryglenn@example.net,Guest
670,James Lopez,hartdanielle@example.org,Member
671,Keith Carroll,sharongarza@example.com,Guest
672,Lisa Hale,holdenjohnny@example.org,Guest
673,Lori Montgomery DDS,zimmermanjennifer@example.org,Guest
674,David Chaney,butlerjulie@example.com,Member
675,Julie Wilkerson,bakerfelicia@example.net,Member
676,Tara Hicks,jennifer88@example.net,Member
677,Lindsey Hess,christopher93@example.net,Member
678,Christopher Rodriguez,jason77@example.org,Guest
679,Donald Hampton,qalvarado@example.org,Member
680,Amanda Burgess,joannamercado@example.org,Guest
681,Brandon Martinez,ckelley@example.org,Guest
682,Brian Glover,robinhernandez@example.com,Member
683,Thomas Tate,jwatkins@example.net,Member
684,Michael Byrd,victor44@example.org,Guest
685,Patricia Krueger,nguyendarius@example.net,Guest
686,Linda Simpson,waynehicks@example.org,Member
687,Michael Freeman,lisaanderson@example.com,Member
688,Ryan Munoz,katieshepard@example.org,Guest
689,Scott Ferguson,snyderjesse@example.com,Guest
690,Rebecca Bauer,lmiller@example.com,Member
691,Denise Taylor,tanya00@example.net,Member
692,John Crawford Jr.,william81@example.net,Member
693,Nicole Sherman,mackbrian@example.org,Member
694,Dennis Boyd,jonesrobert@example.org,Member
695,Kimberly Hamilton,halvarez@example.org,Member
696,Stacy Thompson,willisanita@example.net,Guest
697,Adam Mann,jtaylor@example.net,Guest
698,Leslie Skinner,amandahanson@example.org,Guest
699,Gregory Reese,lisa82@example.com,Member
700,Carrie Smith,brodriguez@example.net,Guest
701,Raymond Chan,thompsonanthony@example.org,Guest
702,Victoria Casey,stephanie08@example.com,Member
703,Jaime Reynolds,dking@example.org,Guest
704,Kurt Pittman,tamara22@example.net,Member
705,Kathleen Phelps,nguyenamy@example.com,Guest
706,Sharon Meyer,rickywilliams@example.net,Member
707,James Barton,ykennedy@example.net,Guest
708,Robert Williams,crystalkim@example.net,Member
709,David Simmons,urowe@example.com,Guest
710,Daniel Matthews,ljones@example.com,Guest
711,Nicole Johnson,cynthiaperez@example.org,Guest
712,Kevin Brooks,bbarrett@example.org,Member
713,Kari Murray,donnalong@example.net,Guest
714,Nicolas Mathews,ericahunt@example.com,Member
715,Jennifer Zhang,alexandra10@example.net,Member
716,Jeffrey Johnson,ijohnson@example.net,Member
717,Luis Williams,teresa08@example.com,Member
718,Kimberly Mckay,johnjones@example.net,Member
719,Nicole Rivera,robinsoncaroline@example.net,Member
720,Samuel Sandoval,xmay@example.org,Guest
721,Andrea Hickman,vmoore@example.org,Guest
722,Dylan Jennings,ywilliams@example.net,Guest
723,Alexis Thomas,jenniferhicks@example.org,Member
724,Melissa Moore,gtyler@example.com,Guest
725,Cheryl Brown,robertsavage@example.org,Member
726,Tina Harris,jessepacheco@example.org,Guest
727,David Mccoy,zflores@example.com,Member
728,Michael Harris,francowayne@example.com,Member
729,Jeanne Ochoa,vglass@example.com,Member
730,Megan Brown,sarahrodriguez@example.org,Member
731,Troy Moreno,leroy22@example.com,Member
732,Mark Smith,xstone@example.com,Member
733,Kenneth Krueger,kimberly56@example.net,Member
734,Edward Chang,jadeduncan@example.org,Member
735,Shaun Hill,bdiaz@example.org,Member
736,Troy Hess,adrianharrington@example.net,Guest
737,Katie Fritz,jackchurch@example.org,Guest
738,Hayley Mitchell,susanjohnson@example.com,Guest
739,Samuel Burns,ksnyder@example.net,Member
740,Shane Jimenez,fnunez@example.net,Guest
741,Alexis Mcdonald,qcox@example.net,Member
742,Kelly Wall,fgentry@example.net,Member
743,Rebecca Owens,marvincarter@example.net,Guest
744,Angel Barnes,michaelperez@example.com,Member
745,Olivia Shah,wdavis@example.com,Member
746,Scott Molina,buchananbilly@example.org,Member
747,Ryan Bryant,huntercarolyn@example.net,Guest
748,Brooke Stevens,catherinephillips@example.org,Guest
749,Diane Ryan,jenna15@example.net,Guest
750,Andrew Taylor,romerobobby@example.com,Guest
751,Gary Neal,webbjustin@example.net,Member
752,Lauren Adkins,bandrews@example.net,Member
753,Megan Morgan,treyes@example.org,Member
754,Jason Brown,bianca82@example.net,Guest
755,Amanda Williams,brian86@example.net,Member
756,Sara Davis,zmcgee@example.org,Guest
757,Donald Williams,hwilliamson@example.com,Guest
758,Scott White,vfox@example.net,Member
759,Alan Allen,falvarez@example.net,Guest
760,Kelly Fowler,jack16@example.net,Guest
761,Timothy Curry,alee@example.org,Member
762,Debra Ortega,marcjohnson@example.com,Guest
763,Kevin Roberts,paul59@example.com,Guest
764,Michael Schultz,floresbrandon@example.com,Guest
765,Kyle Chapman,roy55@example.com,Guest
766,Hunter Dixon Jr.,kimrandall@example.org,Member
767,Douglas Garcia,williampierce@example.net,Guest
768,Erica Williams,goodwinlarry@example.com,Guest
769,Rickey Ward,sarahhunter@example.org,Member
770,Lynn Mitchell,blairshirley@example.net,Guest
771,Sarah Garcia,jennifer60@example.com,Member
772,Joseph Smith,sandersjoseph@example.org,Guest
773,Ashley Hill,kingzachary@example.com,Guest
774,Kenneth Edwards,tstevens@example.org,Guest
775,Daniel Mcpherson,soliskaren@example.com,Member
776,Christopher Flores,leejonathan@example.org,Guest
777,Maria Green,averyjacob@example.org,Guest
778,Jane Murray,shermanrachel@example.net,Guest
779,Christopher Campbell,justinjohnson@example.com,Member
780,Sherri Villanueva,reginalove@example.org,Member
781,Terrance Wright,carpentercynthia@example.com,Member
782,Sharon Jackson,erinsanchez@example.org,Guest
783,Jeffery Lane,tiffanymueller@example.org,Guest
784,Austin Vazquez,ypearson@example.org,Member
785,Sandra Wilson,tracy90@example.com,Guest
786,Evan Clark,belllori@example.net,Member
787,Joseph Murray,lorianderson@example.net,Guest
788,Edward Reynolds,david17@example.org,Guest
789,Dawn Moore,brandonmurphy@example.com,Guest
790,Deborah Hunter,jrivera@example.net,Guest
791,Rickey Robinson,wallsemily@example.org,Member
792,John Taylor,samanthabriggs@example.com,Guest
793,Brooke Bennett,wcarroll@example.org,Member
794,Adrian Thomas,michael07@example.com,Guest
795,Amanda Mitchell,tortega@example.org,Guest
796,Shane Chavez,kathleen33@example.com,Member
797,Meagan White,tammysanchez@example.net,Member
798,John Hamilton,robinsonkenneth@example.net,Guest
799,Brandon Sanders,parkerrebecca@example.com,Guest
800,Theresa Beard,christophersmith@example.com,Member
801,Penny Wilson MD,justin92@example.com,Guest
802,Sarah Lee,ggreer@example.org,Member
803,Laurie Matthews,andrewswendy@example.com,Guest
804,Benjamin Garner,ccooley@example.org,Guest
805,Harry Berger,moorerichard@example.com,Guest
806,Kimberly Alvarez,moorelisa@example.com,Guest
807,Christopher Riggs,michaelgraham@example.net,Member
808,Erica Morgan,hcamacho@example.org,Member
809,Stacy Perez,christopherperry@example.com,Member
810,Tonya Crawford,jared08@example.net,Member
811,Jared Murphy,montgomerylori@example.net,Member
812,Brooke Sullivan,qcoffey@example.net,Member
813,Thomas Hobbs,dlane@example.net,Member
814,Sarah Prince,patrick32@example.org,Guest
815,Don Fisher,egreen@example.com,Member
816,Joan White,benjamin64@example.com,Member
817,Jimmy Wise,bcarroll@example.org,Guest
818,Catherine Gutierrez,simsdebra@example.com,Member
819,Stacy Hodges,nicholas71@example.com,Member
820,Brandon Gray,melaniealexander@example.org,Member
821,David Perez,tracy65@example.com,Guest
822,Heather Pope,jennifercain@example.net,Member
823,Laura Gilbert,edwarddelgado@example.com,Guest
824,Stacey Brown,mjackson@example.com,Member
825,Dr. Kathy Wood,rfrye@example.net,Member
826,Dennis Lee,jjohnson@example.com,Guest
827,Jacob Day,alexanderdunn@example.net,Member
828,Michele Martinez,lowedesiree@example.net,Guest
829,Randy Peters,karenglenn@example.org,Member
830,Becky Roy,david41@example.org,Guest
831,Aaron Gibbs,fdillon@example.net,Member
832,Francisco Ritter,abigailortiz@example.org,Member
833,Connie Gray,fmccarthy@example.net,Member
834,Paige King,matthewdavidson@example.net,Guest
835,Kristin Baker,curtisdickson@example.org,Guest
836,Nicole Lee,kristawright@example.org,Member
837,Michael Moses,loripreston@example.net,Member
838,Shannon Stephens,stevenhardy@example.org,Member
839,Miguel Johnson,charlescain@example.net,Member
840,Rhonda White,howardmelissa@example.net,Guest
841,Mackenzie Rowland,sgray@example.net,Guest
842,Courtney Green,stephaniehansen@example.com,Member
843,Judy Pierce,ryanrodriguez@example.org,Guest
844,Cheryl Turner,johncuevas@example.net,Guest
845,Jason Wells,pchambers@example.org,Member
846,Daniel Velazquez,jonathan82@example.org,Member
847,Jennifer Gray MD,mooredavid@example.com,Member
848,Natasha Collins,peter18@example.com,Guest
849,Ricky Yoder,williamsalfred@example.com,Member
850,Julia Mcbride,lopezlinda@example.com,Member
851,Stacy Thompson,dbarnes@example.org,Member
852,John Diaz,acampbell@example.com,Member
853,Charles Oneal,cwhite@example.net,Guest
854,Brandy Johnson,juliewright@example.net,Guest
855,Justin Jacobs,raysamantha@example.net,Member
856,Mrs. Heather Thomas,ywillis@example.org,Member
857,Megan Hughes,michelle04@example.org,Guest
858,Kari Davis,angelaweaver@example.org,Guest
859,Ethan Huang,williamfrost@example.org,Member
860,Amy Garcia,kimberlycook@example.com,Member
861,Steven Gill,rossscott@example.com,Guest
862,Daniel Burnett,vargaslisa@example.org,Member
863,Dylan Hardin,micheal64@example.com,Member
864,Bradley Colon,lewisjustin@example.net,Member
865,Laurie Garcia,brian87@example.net,Member
866,April Moore,lopezrobert@example.com,Guest
867,Samantha Bennett,david76@example.net,Member
868,Jean Schneider,morsetammy@example.net,Guest
869,Heather Brooks,alexhale@example.org,Member
870,Christopher Jackson,hawkinsmiranda@example.org,Member
871,Jessica Mays,zbeard@example.org,Member
872,Kenneth James,jillgreene@example.com,Guest
873,Shannon Larson,adam17@example.net,Guest
874,Amy Wolfe,ithomas@example.com,Guest
875,Jill Watson,sean50@example.org,Member
876,Andres Garner,lsnyder@example.net,Guest
877,Allison Hess,jimmybuck@example.com,Member
878,James Decker,philipgonzalez@example.net,Member
879,Jennifer Morgan,rickymorris@example.net,Member
880,Alan Jones,delgadoamy@example.org,Guest
881,Gabrielle Reed,ruizruben@example.net,Member
882,Laura Perez,psmith@example.org,Member
883,Robert Williams,hailey41@example.net,Guest
884,John Holland,goodmanjohn@example.com,Guest
885,Natalie Gibbs,frankdaniels@example.com,Member
886,Brandon Allen,joann28@example.org,Guest
887,Jessica Garcia,rodriguezeric@example.com,Member
888,Robert Gardner,wcooper@example.net,Member
889,Mark Rodriguez,rdalton@example.net,Member
890,John Horton,kingteresa@example.org,Member
891,Nicholas Rodriguez,tim94@example.org,Guest
892,Melissa Edwards,gsoto@example.com,Member
893,Christopher Diaz,thorntonanita@example.com,Member
894,Elizabeth James,alyssagordon@example.org,Member
895,Brittany Chen,heatherprice@example.net,Member
896,Caitlyn Fletcher,cynthia37@example.org,Guest
897,James Mcguire,daniel87@example.com,Member
898,Sabrina Ruiz,jonesana@example.org,Guest
899,Elaine Murillo,graygary@example.com,Member
900,Laurie Harris,julie24@example.org,Guest
901,Thomas Moore,oliviaperry@example.com,Member
902,Nicholas Jackson,dbeard@example.net,Member
903,Daniel Smith,allenmicheal@example.com,Member
904,Maria Gonzalez,mirandapatel@example.org,Guest
905,Crystal Huffman,dominguezashley@example.org,Member
906,Anne Williams,dustin52@example.org,Member
907,Christopher Gutierrez,yherring@example.net,Guest
908,Anthony Leach,stewartshannon@example.net,Member
909,Kathleen Lynch,jason72@example.org,Guest
910,Nicole Smith,megan03@example.org,Member
911,James Smith,josephcline@example.org,Member
912,Christina Vaughan,anthonynicholson@example.net,Guest
913,Karen Dennis,bsmith@example.com,Member
914,Richard Adkins,perezsheila@example.org,Member
915,Kimberly Anderson,cranesabrina@example.net,Member
916,Robert Howard,underwoodkimberly@example.com,Guest
917,Megan Kemp,arthur49@example.net,Guest
918,Paul Reed,trevorrandall@example.com,Member
919,Molly Garza,montesmelissa@example.net,Member
920,Lisa Choi,zgreen@example.net,Guest
921,Aaron Johnson,washingtonantonio@example.org,Guest
922,Benjamin Flores,jonathanwashington@example.com,Guest
923,Brian Clark,annette69@example.org,Guest
924,Richard Harper,theresawright@example.com,Member
925,Miguel Krause,bellalyssa@example.com,Guest
926,Michael Hall,jessicastewart@example.org,Member
927,Michael Galvan,dmoss@example.com,Member
928,Joshua Wood,david45@example.net,Guest
929,Kyle Miller,williamsrichard@example.org,Member
930,Margaret Gutierrez,ggomez@example.org,Guest
931,Jason Boyd,bridget41@example.net,Member
932,Laura Parker,brandoncervantes@example.net,Member
933,Mathew Richardson,michael64@example.net,Guest
934,Robert Hall,michael97@example.com,Member
935,Robert Mclean,hernandezjames@example.org,Guest
936,Raymond Wilson,drosales@example.net,Guest
937,Tonya Adams,julia78@example.net,Guest
938,Sherri Saunders,gwilson@example.net,Member
939,Kelly Pena,warrenmolly@example.com,Member
940,Renee Parker,cparks@example.org,Member
941,Jonathan Leblanc,matthewroberts@example.net,Guest
942,Nicholas Carson,jreyes@example.com,Guest
943,Patrick Rojas,alvaradokristin@example.net,Member
944,Christopher Davis,pagefrank@example.com,Guest
945,Charles Pena,martha81@example.com,Guest
946,Emily Fischer,anthonybishop@example.net,Member
947,Brandi Murray,cvega@example.com,Guest
948,Makayla Sweeney,pbrooks@example.org,Guest
949,Melanie Bullock MD,johnsonvanessa@example.net,Member
950,Regina James,darroyo@example.com,Guest
951,Emily Gamble,tracybrown@example.org,Member
952,Brittney Taylor,johnsondana@example.org,Member
953,Michael Preston,nhayes@example.net,Guest
954,Jack Davis,reevesderek@example.org,Guest
955,Alyssa Mcgee,blake33@example.com,Guest
956,Corey Jones,xburns@example.org,Member
957,Jason Bradley,alexandriafox@example.com,Member
958,Nicholas Robinson,vwells@example.com,Member
959,Timothy Hill,michael55@example.com,Member
960,Paul Fleming,latoya15@example.com,Member
961,William Brown,davidwalter@example.com,Member
962,Christina Howard,martinezdebbie@example.org,Member
963,James Lowery,daniel28@example.org,Guest
964,Timothy Klein,anita30@example.org,Guest
965,Dr. Elizabeth Jacobs DDS,xcarrillo@example.com,Guest
966,Sara Shelton,patricia76@example.net,Guest
967,Angela Henry,benjamin83@example.org,Guest
968,Laura Parker,castillomary@example.net,Member
969,Willie Davis,richardsjames@example.net,Member
970,Travis Bean DDS,michael64@example.com,Member
971,Morgan Brown,ivan30@example.org,Member
972,Joseph Guzman,sheila63@example.com,Guest
973,Michael Hess,fleminggary@example.org,Member
974,Richard Munoz,debra15@example.net,Guest
975,Rebecca Jones,riverarita@example.net,Member
976,Regina Jones,hudsonjeremiah@example.net,Guest
977,Angel Rodriguez,jmiller@example.com,Guest
978,Marvin Sullivan,vaughnjasmine@example.com,Member
979,Mr. Andrew Sanders,buckleyjustin@example.net,Member
980,Brandon Freeman,zsmith@example.com,Member
981,Anthony Chavez,millswalter@example.com,Guest
982,Richard Meyer,collinserica@example.net,Guest
983,Jack Jimenez,wardallen@example.net,Member
984,Robert Browning,david26@example.org,Guest
985,Tyler Johnson,blanchardsamantha@example.com,Member
986,Katherine Bryant,williamssara@example.net,Guest
987,Anthony Evans,emurillo@example.com,Guest
988,Gregory Rojas,xhowell@example.org,Guest
989,Linda Hardy,janicegill@example.net,Guest
990,Kevin Webb,hryan@example.org,Guest
991,Russell Jones,wmason@example.com,Member
992,Adam Simon,lawrence24@example.net,Guest
993,Julia Adams,jeffrey32@example.org,Member
994,Duane Eaton,carlthompson@example.org,Guest
995,Scott Blackwell,morganrobert@example.com,Guest
996,Stephen Lam,cristianmyers@example.org,Guest
997,Amanda Williamson,millertroy@example.org,Member
998,Kirk Hanna,wigginsamanda@example.net,Guest
999,Charles Lyons,ymitchell@example.org,Guest
1000,Deborah Stevens,beaton@example.net,Member
