ProductID,Name,Category,Description,Price
1,Movement,Sports,Under peace during professor whatever.,110.99
2,Tv,Sports,Newspaper any begin difference agreement medical.,270.24
3,Foot,Clothing,Number nature simple six political individual nice less.,371.39
4,Down,Books,Black north respond organization painting white parent show.,125.98
5,View,Clothing,Director five now these beautiful plan husband practice guess body.,314.57
6,Picture,Books,Information peace size race research.,89.45
7,Western,Sports,Worry building girl quality stay.,393.68
8,Single,Home & Kitchen,Know ball laugh partner everyone public carry trial treat.,219.35
9,Hospital,Toys,Until station rather fine reduce in necessary.,275.2
10,Until,Sports,Minute quality them available reach trip general hit.,426.42
11,Mouth,Clothing,Sure as recently suggest learn method big.,226.19
12,With,Toys,Material information discover rule how.,39.52
13,Recent,Clothing,Arm which professor charge bit difference clearly for today mission.,431.54
14,Son,Books,Spend look special new training key recent chance.,337.3
15,Newspaper,Books,News break sort bit.,117.11
16,Ability,Sports,Approach region although ability picture in usually everything.,244.37
17,Fire,Sports,Series common wait available feeling law painting community poor office.,92.53
18,Purpose,Sports,Nearly plant tend evidence music like bar election senior force industry.,90.4
19,Cold,Books,Attorney various his concern check politics area around adult.,249.27
20,Former,Sports,Marriage ahead away social will body possible between turn.,345.05
21,Participant,Electronics,As yeah skin husband sell parent tree.,177.2
22,Goal,Home & Kitchen,Dream catch include claim hope answer history open current.,85.63
23,Always,Home & Kitchen,Whether example affect pressure type low girl detail of there.,354.56
24,Analysis,Toys,Speech and rule large order.,54.8
25,Office,Home & Kitchen,Several start half street vote.,272.38
26,Right,Clothing,Keep very of sea truth have.,337.14
27,Outside,Sports,Anyone daughter senior new me.,251.13
28,Card,Sports,World find meet charge parent almost kid.,295.68
29,School,Toys,Possible high light including see school mind major away difficult.,41.46
30,Official,Toys,Professor call food red PM one letter hand military.,298.39
31,Part,Clothing,Wide though firm end.,68.71
32,Away,Toys,Sell that political scene tax.,310.87
33,Three,Electronics,And drug happen decide floor keep particularly character policy force.,179.11
34,Somebody,Sports,Before become represent between phone marriage who worry because well.,86.07
35,Compare,Electronics,Record want growth responsibility onto speech fast just I.,425.57
36,Give,Home & Kitchen,Blood make allow I give it.,45.96
37,Natural,Books,What new technology call without nor actually per.,337.25
38,Street,Home & Kitchen,Chair start woman do few.,495.49
39,Forward,Electronics,Perform product effort both under perhaps decade perhaps several.,179.38
40,Mission,Electronics,Institution instead degree painting affect seat hotel western.,373.1
41,Candidate,Toys,Consider fish for in bit teach thought skill north detail.,177.25
42,Base,Toys,Next receive remember avoid according shoulder.,171.61
43,Interest,Home & Kitchen,Son arrive thing without they in likely.,478.42
44,Big,Toys,Low same score specific serious watch.,367.96
45,Price,Books,This discover table capital skin popular investment will particular both.,304.8
46,Defense,Toys,To high send personal land maybe describe quickly.,417.07
47,From,Clothing,Authority agree house audience nor not.,47.18
48,Mother,Home & Kitchen,Owner quality rise work window.,444.73
49,Chair,Clothing,Set bag structure wife friend kitchen its.,204.35
50,Mind,Books,Field prepare whom before age.,163.51
51,That,Books,Every doctor space different.,289.32
52,Leg,Books,Agency true whatever community professor.,338.02
53,Sure,Home & Kitchen,Meet measure nor during necessary admit view unit issue.,356.22
54,Probably,Toys,Impact but friend key spend world.,294.45
55,Yeah,Toys,Relate support stop job dog wear else scene reach.,173.41
56,Home,Sports,Young decide best notice argue.,141.98
57,Support,Sports,Message board home series rich relate fine yard.,458.54
58,Pressure,Electronics,Whose today relate represent data deep.,384.13
59,Significant,Home & Kitchen,Green remain affect such fill full leave thousand.,70.63
60,Party,Home & Kitchen,Month social traditional among act term identify.,178.18
61,So,Toys,Goal across institution ok better appear center anything building business.,377.21
62,Do,Home & Kitchen,Stock sign walk no mean.,230.14
63,Throw,Books,Collection bag money task long may medical TV past field.,475.03
64,Fly,Clothing,North professor opportunity shake her behavior board enter scientist.,207.94
65,Air,Clothing,Reflect mean now identify wear.,290.99
66,Either,Clothing,Win as use drop morning very couple road material current.,113.53
67,Successful,Toys,Resource safe research plant director ability.,42.27
68,Available,Toys,Travel significant group real responsibility no billion sense bar remember.,428.94
69,Whole,Home & Kitchen,Mr modern six officer level because sign.,307.08
70,Her,Clothing,Available know situation natural wish establish teacher minute imagine.,119.48
71,Kind,Electronics,Figure amount wear debate similar exist charge build.,142.92
72,Prevent,Sports,Short focus board research final black development only medical.,299.6
73,Local,Home & Kitchen,Machine treatment figure free determine together physical yeah guess.,244.31
74,Add,Home & Kitchen,Rich level among social account show front event analysis western.,337.67
75,Night,Electronics,Raise always report enter ok include word set cold result.,401.93
76,Another,Home & Kitchen,Under rule arm method structure toward response.,11.29
77,Production,Home & Kitchen,Argue eat spring memory some order then other shoulder hotel.,181.68
78,Just,Books,Garden tell treatment American modern.,249.71
79,Out,Clothing,Stuff maybe project news success.,96.67
80,Whether,Electronics,Tonight anything provide not beyond sea item unit reduce medical.,249.51
81,Follow,Sports,Argue door who especially effort want memory.,357.16
82,Six,Home & Kitchen,Visit treatment walk claim tonight laugh throughout.,204.34
83,Best,Books,Other report so serious there daughter.,323.42
84,Reduce,Clothing,Occur may especially other day difficult.,74.04
85,World,Home & Kitchen,Environmental computer deep open politics series they wrong.,433.35
86,Parent,Clothing,Brother into within than development.,124.16
87,Easy,Electronics,Institution bed mean beat vote alone bill the food.,96.43
88,Attention,Toys,Great development show certain camera even.,496.43
89,Will,Toys,Strong quickly drug anything condition page performance air.,449.99
90,International,Clothing,Hit in account interesting rock note.,99.61
91,Serve,Books,Since able this conference dark war try.,282.13
92,Attorney,Toys,Job recognize word machine hear project.,142.59
93,Nation,Books,Court government lay first great hit fast pull.,125.17
94,Even,Clothing,Work notice year recent every carry article can perhaps.,35.66
95,Suggest,Books,Environmental professional history avoid book firm before participant early Mr.,93.59
96,Apply,Books,Sort middle now draw while clearly development open big score rate.,312.46
97,Speech,Electronics,Onto personal item from here law quite.,470.42
98,Trouble,Clothing,Federal foot camera nice.,289.42
99,Organization,Electronics,Second reduce voice lose force challenge create sound sister.,94.65
100,Push,Electronics,Free first course man type news whose side finally.,222.6
101,Shoulder,Electronics,Simple think sure give fish similar everybody bill.,154.23
102,Protect,Sports,However subject final free interview laugh certainly.,201.94
103,Dog,Sports,Throughout health report explain four ten.,253.88
104,Its,Electronics,Smile out focus people front.,60.94
105,Administration,Clothing,Religious first manage boy arrive family.,185.19
106,His,Clothing,Game help and production according carry paper point.,42.79
107,Training,Home & Kitchen,Consider visit class major any.,209.42
108,Here,Electronics,Media list few interview shoulder TV enough.,268.95
109,Brother,Home & Kitchen,Have world care five between method east two indeed.,470.16
110,Suddenly,Clothing,Space effect sell themselves somebody year name whom find campaign.,247.18
111,And,Home & Kitchen,Green sell eye collection something major interview wrong identify usually.,276.64
112,Doctor,Electronics,Result thought his television when be according often.,496.21
113,Quality,Home & Kitchen,Perhaps heart attorney treat nation measure.,278.06
114,East,Home & Kitchen,Dark reveal go whatever just ever role fire activity modern.,175.06
115,Look,Sports,Own else order black suffer treat necessary.,440.09
116,Student,Sports,Food speech such light interview town any TV whom.,254.53
117,Focus,Books,She food identify face very.,95.39
118,Political,Books,I base country yet cup act black do.,245.83
119,Share,Home & Kitchen,Someone down beyond community agreement next bar last.,373.92
120,Common,Sports,Level catch language only government until put.,493.17
121,Camera,Clothing,Article man say tonight challenge detail follow.,390.9
122,Relationship,Electronics,Happy rise serious compare.,208.26
123,Condition,Electronics,Learn since daughter skin health eat.,386.65
124,All,Sports,Economic back should air my live.,217.14
125,Let,Sports,Floor both travel right policy.,217.66
126,Adult,Toys,Author dark international natural.,295.84
127,Magazine,Sports,Economy of piece act include use care commercial couple car.,433.3
128,Arrive,Clothing,According understand history system east edge operation success thought mission.,308.78
129,Challenge,Electronics,Guy college share white message unit speak.,313.24
130,Father,Sports,Mission pass over woman size treatment million.,476.38
131,Every,Sports,Guess popular star feel method how few market role.,143.74
132,Food,Electronics,Thus teacher night indeed allow home.,161.19
133,Side,Books,Take religious include local.,371.99
134,Human,Electronics,Onto senior share technology training at center best you about head.,113.94
135,Article,Clothing,Design already race positive scientist major entire today.,488.24
136,Teach,Electronics,Every contain family term ball real prevent close.,156.25
137,Modern,Books,Follow eye PM century eat.,153.18
138,Similar,Books,General worry blood want save never many effect arm story.,88.0
139,True,Sports,Continue simple left race item senior conference feel.,363.33
140,Send,Books,Score program around can chair street expect show hour factor.,323.17
141,Wall,Home & Kitchen,Soldier money camera anything opportunity knowledge life people.,200.79
142,Against,Books,Score although wonder account evening on ten.,106.09
143,Kitchen,Sports,Follow very five eight discussion.,135.07
144,Good,Sports,Player serve newspaper democratic deal tree vote sister.,487.96
145,Time,Electronics,Type manager them election ahead change.,150.15
146,Finally,Toys,Local face land report sit no worry partner strategy.,69.88
147,Area,Sports,Increase dream part maintain institution firm probably design west.,64.71
148,Social,Clothing,While hour shoulder show rate get them machine.,213.24
149,Among,Sports,Everything believe wish including four how test.,147.09
150,Theory,Home & Kitchen,Coach tend as trip Democrat beyond.,49.32
151,Music,Sports,Go only couple air court.,12.85
152,Huge,Toys,Nation toward her money blood lawyer develop.,346.87
153,Need,Toys,Else artist her ability note instead stand director teach shake.,397.93
154,Computer,Toys,According person population scene recently.,386.4
155,We,Home & Kitchen,Various name worry allow resource.,460.99
156,Back,Toys,Region model learn black visit it.,395.9
157,Drive,Sports,Home opportunity lead during good line government well child road.,202.72
158,Leader,Toys,Hold ten president beat star stock site college medical.,446.23
159,Like,Toys,Future instead road represent city nothing kitchen ago.,104.27
160,Life,Home & Kitchen,Radio plant company TV nearly development scientist challenge individual middle.,281.74
161,Pick,Sports,Family federal left as.,433.22
162,Accept,Sports,Material parent serious any forward girl.,440.09
163,Shake,Clothing,He summer company trade also read opportunity tell ever we.,286.99
164,Radio,Clothing,Car possible upon occur base thousand medical after another upon.,11.66
165,Himself,Books,Recognize under store specific still begin score employee.,143.33
166,Our,Sports,Popular fear figure go nothing glass others fly.,276.72
167,Bag,Electronics,Keep fast million high news lose area mention.,21.33
168,Better,Books,Finish claim gun population go front.,209.53
169,Cause,Home & Kitchen,South fast father above parent play.,111.3
170,Tend,Clothing,Policy beat score beautiful financial yeah where traditional year add station.,182.14
171,Certain,Sports,What north organization teach guess alone picture.,12.16
172,Program,Electronics,Article debate use question have agreement.,445.64
173,Though,Home & Kitchen,Describe place condition sit identify spend south room.,335.76
174,Serious,Clothing,Service return board cup middle party especially imagine.,65.94
175,Sometimes,Books,Goal vote politics other name article six.,381.0
176,Player,Clothing,Put soon trouble just customer partner pay.,208.86
177,Far,Books,Cell state nearly end business challenge.,52.88
178,Society,Sports,Include occur movie suffer protect husband government quickly front.,455.98
179,Southern,Electronics,Agent for color of ok dream foreign.,408.27
180,Letter,Clothing,Check successful avoid manage line girl moment wear.,453.44
181,Factor,Sports,Despite box move three parent because.,5.46
182,Century,Toys,Gun case fast Mrs full carry.,358.73
183,Later,Books,That first official today camera ground sound throw.,307.38
184,Course,Books,Whom current hear business.,475.54
185,Drug,Electronics,Child society investment throw letter game.,290.86
186,Main,Home & Kitchen,Stay clearly than opportunity wish partner discussion thing per hand.,473.53
187,Increase,Home & Kitchen,Main relationship television too there foreign fight eat lay.,480.99
188,State,Toys,Movie stop man commercial society.,86.86
189,Go,Clothing,Month vote town power be.,480.29
190,Also,Clothing,Sit term personal rate west same letter option Democrat smile.,105.21
191,Million,Clothing,Science entire memory attack although theory soon ever about.,146.95
192,Policy,Electronics,Might show gas government color there.,75.49
193,Test,Electronics,Conference for they probably main apply.,194.98
194,Race,Clothing,Cold keep past message check see.,361.33
195,Free,Sports,Process case entire join my themselves.,352.14
196,Billion,Electronics,Project garden unit well focus special without prepare.,272.19
197,What,Clothing,Party far while charge step hour part begin Mr father.,324.97
198,Long,Electronics,My some thing box employee can.,197.45
199,Represent,Books,Through little field nearly must play try hair high figure.,407.94
200,Us,Books,Fast man quality I until.,53.73
201,North,Sports,If several recent teach store onto.,249.99
202,Issue,Toys,Religious already the best with mind rule use ground recent.,60.72
203,Cost,Toys,Blue wrong ask year cultural agent all.,234.69
204,Same,Toys,From trade fall happen language so each end daughter person.,238.7
205,There,Books,I commercial goal anyone else line television quickly off.,5.9
206,Grow,Toys,Top region lawyer behavior onto magazine despite mouth.,384.91
207,Could,Home & Kitchen,Word form large Mr hospital around student raise.,293.53
208,Seem,Toys,Market history yourself mind try bank make if democratic.,391.98
209,Cup,Sports,Identify all exactly conference food hundred safe such wish sport.,103.94
210,Baby,Toys,Author back dream continue recognize country even different recent.,140.57
211,Heart,Home & Kitchen,Stage doctor I week wait of six mouth.,350.94
212,Several,Sports,Statement phone them imagine product provide.,489.32
213,Early,Toys,Though performance someone garden student us hope pay those authority.,420.86
214,Record,Toys,Kind cell great general use think.,321.94
215,Sea,Home & Kitchen,Feel special small most them radio then why understand people.,61.33
216,Daughter,Sports,Successful these author director special.,103.01
217,Fear,Home & Kitchen,Offer north later physical.,184.58
218,Late,Clothing,Like raise concern daughter none follow arrive.,133.77
219,Fast,Sports,Task debate degree law possible.,76.85
220,For,Home & Kitchen,Well interview evening order recently worry leader heavy.,370.08
221,Certainly,Home & Kitchen,Thing student according shake nor least strong writer.,31.57
222,Skin,Clothing,Kitchen century way simple finally.,65.37
223,Than,Clothing,Low western show direction every open whom.,39.71
224,Still,Books,Agreement white him poor let glass.,80.74
225,Voice,Books,Challenge area one body western enter father pull down.,217.49
226,Reach,Sports,Environmental particular do official yourself performance their image.,260.99
227,Miss,Electronics,Fill himself behind able partner include somebody real own.,482.49
228,Item,Sports,Best of economic official need another put save nearly.,53.58
229,Within,Toys,Answer yeah claim different assume option everyone then.,121.27
230,Fill,Home & Kitchen,Hot town enter necessary always good money against town.,122.88
231,Value,Sports,Gun political yet build hospital trial fight meet prove education particularly.,376.36
232,House,Sports,Case another require yet trouble field believe continue bring enough.,321.56
233,Eye,Toys,Quality state third employee often top feeling sea mind race.,383.51
234,Management,Home & Kitchen,Walk clearly leader officer market training.,415.51
235,Soon,Clothing,Must price ever consider benefit teach without door situation history.,113.0
236,Yard,Home & Kitchen,More among other individual guess pretty laugh truth cut mother.,9.97
237,Low,Clothing,Nice something more Mrs sit change shake piece safe control.,87.57
238,Sing,Clothing,Act range research economic under.,55.77
239,Information,Electronics,Necessary unit institution article add life.,496.01
240,Might,Electronics,Or final standard site natural interesting work himself.,96.69
241,Thus,Toys,Behavior figure hotel after indeed southern.,175.13
242,Step,Sports,So trial perhaps government every professor.,437.47
243,Prove,Sports,Leader whom many want key approach.,158.85
244,Start,Home & Kitchen,Five fight affect speak spring run conference type.,444.41
245,Real,Clothing,Store this instead on hit bit evidence.,286.19
246,Discuss,Electronics,Base home thousand huge store response indeed.,444.66
247,Cut,Electronics,Senior account us anyone agency kid however.,154.81
248,General,Home & Kitchen,Wait member recognize remain event special relationship public.,415.51
249,Recognize,Sports,Call letter early opportunity central former growth.,227.65
250,Court,Sports,Rather most section which around alone feeling impact.,479.1
251,Listen,Home & Kitchen,Understand public various responsibility institution common fly education help.,216.01
252,Success,Home & Kitchen,Miss memory growth we much leave hot treat issue federal.,404.1
253,Front,Clothing,Agency still wind memory challenge take society can together hot.,93.55
254,Full,Home & Kitchen,South today name old we tend away central fast machine car.,162.31
255,Store,Home & Kitchen,Develop really while speech rock write throughout white theory.,379.32
256,Help,Sports,Wide forward five rich most TV affect alone.,487.82
257,Sit,Clothing,Lead hair central think imagine despite most thought rather away.,454.61
258,Different,Home & Kitchen,Him season Republican traditional effort deal three business.,311.06
259,Study,Electronics,Wide court growth cause camera.,188.12
260,Have,Books,Task body kitchen when low safe.,174.11
261,Bit,Toys,Southern meet company near minute mention various term activity picture.,369.0
262,Choice,Clothing,Why memory per put well least many.,470.04
263,Rest,Clothing,Expect step growth land similar few still listen.,280.63
264,Eat,Toys,Cup offer her second.,155.53
265,Energy,Electronics,Sit seven base group thought.,469.61
266,Control,Electronics,Professor firm able hair data whether leg.,125.68
267,Room,Toys,He too three herself professor.,152.53
268,Leave,Home & Kitchen,Statement year feel figure role area traditional partner off.,196.78
269,Institution,Electronics,Face carry let point general week they stuff.,42.61
270,May,Home & Kitchen,Must difference really change power career leader than off ever.,316.97
271,Tonight,Toys,Community the collection attack stage concern strong see TV agree.,490.71
272,Wide,Clothing,Write news nor tree report wrong.,387.76
273,Likely,Books,Add hope page audience road watch off.,165.71
274,Identify,Sports,Up one state even may.,143.98
275,Read,Clothing,One moment keep already same open admit born medical help.,239.21
276,Floor,Home & Kitchen,Indeed hotel religious Republican get.,453.38
277,Growth,Books,Service foot suggest never miss low increase general.,375.61
278,Build,Books,Address some rate no thing.,490.93
279,National,Clothing,Guess central television environment feeling hear thousand voice budget girl.,93.47
280,Business,Clothing,Growth seek hot upon say with name save financial fight.,318.13
281,Vote,Clothing,Doctor method guy threat finish body million travel maintain beyond.,53.69
282,Law,Electronics,Economic direction eight wonder property mission candidate billion Congress.,142.82
283,Account,Books,Tax test stage about among message once anyone.,191.1
284,Cell,Clothing,Stage rate bring everybody research million.,448.55
285,Design,Home & Kitchen,Himself attorney example else relationship strong enter.,466.26
286,Great,Toys,Throw experience first across hundred size number inside scientist style.,406.96
287,Produce,Clothing,Charge next civil party full.,331.95
288,Born,Sports,Work chance shake baby exist game speak easy.,473.45
289,My,Clothing,Man large event throw.,177.12
290,Off,Sports,Entire travel significant worry treat matter.,335.88
291,Pm,Electronics,Your fire true close nature age type international anything enough.,11.9
292,Summer,Books,Through gas food stuff side heavy well.,354.26
293,Commercial,Sports,Foot admit include computer organization person.,230.76
294,Few,Electronics,Join option guess consumer wish tell memory.,149.47
295,Pay,Sports,Feeling include notice like camera often race level movie when.,109.33
296,Head,Sports,Race which authority item.,342.41
297,Put,Electronics,North family big on pressure.,12.73
298,Catch,Toys,Every ever crime same image.,95.74
299,Owner,Toys,Guess institution join do floor southern budget.,315.24
300,Necessary,Toys,Friend local scene strategy that any.,323.67
301,Crime,Toys,Voice firm capital rest gas window our modern.,390.01
302,Popular,Home & Kitchen,Environment its research peace clearly piece to.,424.3
303,Last,Home & Kitchen,Worker role I walk baby option.,394.56
304,Ball,Toys,Population particular throw south set impact consider.,80.4
305,Property,Electronics,Opportunity citizen pass by practice.,443.23
306,Gun,Electronics,Short list today benefit range clearly position federal.,297.94
307,Thousand,Clothing,Well foot such agreement which a simply history whether.,480.3
308,South,Toys,Body produce list improve heart wonder leg.,357.41
309,Particularly,Electronics,Decade law most turn poor measure work.,306.24
310,Perform,Electronics,Who same institution short card will why young hope walk.,16.82
311,Affect,Electronics,Practice respond improve ten government.,368.61
312,Painting,Sports,Newspaper agreement rest bank college attention.,47.99
313,Establish,Home & Kitchen,Road paper strong yeah money ten involve.,446.32
314,While,Clothing,Place enjoy factor generation inside sea build.,337.09
315,Technology,Sports,Still state foreign brother pay.,474.28
316,High,Books,Difficult all ever message move.,53.49
317,Car,Home & Kitchen,Fall to five available together enough have health ahead.,350.87
318,Stock,Books,Tell high present discuss line school wrong safe.,106.58
319,Truth,Clothing,Tonight note three more local skill social plan action state.,453.45
320,Thank,Clothing,About radio oil on million law describe machine.,20.95
321,Your,Books,Evening next charge smile war across.,278.96
322,Year,Toys,Break daughter yourself bit task wrong serve.,254.45
323,Town,Books,Modern bag capital do alone window before it who role.,323.22
324,Second,Electronics,Chair hard move plan police someone effort anything rate.,335.59
325,Collection,Toys,Good trouble collection outside establish sure reach.,486.19
326,Work,Home & Kitchen,Trade politics month statement foot.,420.06
327,Five,Home & Kitchen,Material interview old allow recognize.,332.92
328,Simply,Electronics,Song often him note above while student the teacher sound small.,209.69
329,Describe,Electronics,Even power prevent ability line reason conference old participant deep.,114.85
330,Between,Sports,Machine determine across score four show.,238.14
331,Write,Sports,Quite detail before top everybody culture wide speak weight.,160.27
332,Wear,Electronics,Tend stand magazine well themselves step too moment speak stay.,228.47
333,Station,Books,Decision its college whatever indeed method fast dream today.,277.17
334,Road,Clothing,Skill west general brother something remember cause finally discussion.,212.18
335,Opportunity,Electronics,Else pressure report hard develop career.,183.35
336,Response,Books,Behind animal brother rest blood them.,331.83
337,Involve,Home & Kitchen,Yeah work itself agreement cultural back ground music question drive contain.,334.35
338,Should,Clothing,Try you under over within speak data station.,487.98
339,Media,Electronics,Above often fall detail fund last necessary foreign.,149.71
340,Hope,Clothing,Our its use movement myself enough defense.,58.99
341,Source,Electronics,Throw force necessary land current agree.,157.22
342,Plan,Home & Kitchen,Could full consider central around medical.,349.42
343,Past,Home & Kitchen,Week enjoy skin federal next executive business.,250.23
344,Their,Books,Particular agency arrive music seek from.,27.62
345,Economic,Books,Money show wonder kid career line.,334.17
346,Near,Toys,Attack participant country front administration others decision here health country.,44.2
347,Nice,Books,Including group instead financial.,310.25
348,Statement,Home & Kitchen,Factor as small dream wide establish.,263.06
349,Decade,Sports,Wrong small and ask of word.,37.03
350,West,Books,We team what speak treatment down protect boy.,394.98
351,Trip,Clothing,Beyond director husband morning outside.,88.08
352,Investment,Clothing,Race role which activity somebody law soldier experience take student.,132.26
353,Woman,Electronics,Your foreign never interesting according step into build task century.,71.03
354,Scientist,Sports,Figure detail clearly at without shake issue administration guy executive.,70.38
355,Federal,Toys,Around production age there participant us.,86.72
356,Unit,Electronics,Stop seven all which money.,295.68
357,Sense,Sports,Break election animal page green friend prove chair.,413.22
358,Public,Electronics,Paper training around person pay prepare school purpose point religious.,164.58
359,Beat,Clothing,Know sound officer behavior safe.,99.69
360,Mrs,Home & Kitchen,All career part answer growth share page heavy door federal.,394.68
361,Play,Electronics,Hospital price audience realize pass.,428.61
362,Wait,Clothing,Word build collection boy resource.,376.56
363,Of,Toys,Quality none three structure only health many able result do.,206.44
364,Paper,Clothing,Yet question team cell mouth happen herself building professor.,363.53
365,Hundred,Sports,Local left inside organization personal people agent.,444.82
366,Rule,Sports,Address hope beautiful memory approach.,254.33
367,Series,Electronics,American responsibility free assume already heart before color case occur.,122.7
368,Travel,Electronics,Wait citizen probably low wide after authority.,277.62
369,Career,Home & Kitchen,Drug whatever news one detail necessary artist edge.,148.24
370,Difficult,Toys,Heart trouble expert health cover stage little.,161.51
371,Including,Sports,Social majority including protect treat such defense child data generation.,352.18
372,Reason,Toys,Professor exactly up positive discover range.,220.11
373,Develop,Clothing,Message seat contain happy factor watch go support you.,203.12
374,Majority,Home & Kitchen,Keep keep item lawyer book tree quality politics.,17.61
375,Oil,Sports,Travel my fill teacher green practice.,214.03
376,Not,Clothing,Room protect list prove strategy occur eye.,198.9
377,Firm,Books,End consider gun team how.,296.41
378,Current,Toys,Heart easy second well school choice rule others.,460.05
379,No,Clothing,Really tonight growth cut approach.,271.09
380,Loss,Toys,Television two again data method view.,14.44
381,Trade,Toys,Particularly personal cover machine environment scene number form.,206.6
382,Itself,Books,Pretty sell knowledge next agreement.,163.17
383,Development,Clothing,Agent garden follow single government hear.,291.49
384,Matter,Sports,Drop institution page memory leave natural.,415.56
385,Detail,Books,Less result road under population provide without.,378.87
386,Lose,Toys,Man attack enter among development once become song draw.,334.27
387,Way,Electronics,Imagine another good believe recent Republican miss suggest whole.,425.95
388,Wrong,Books,Reflect ball box make first institution for section letter hold.,255.58
389,Admit,Electronics,Economy station mean end beyond early dream do stop.,431.68
390,Science,Home & Kitchen,Few drop she floor green partner pretty kid can.,303.71
391,Visit,Books,Similar general clear there church garden thank seven easy.,460.53
392,Book,Books,Member education sell my group themselves answer.,216.45
393,Receive,Electronics,Story fill popular institution where quite.,28.58
394,Close,Clothing,Bill happen individual box anyone many.,249.65
395,Everybody,Clothing,Three look leader thousand product our get size soldier.,397.94
396,Family,Clothing,Treatment film today city deep put color office.,171.32
397,This,Home & Kitchen,Tough speak then current indicate drop report total.,72.32
398,Green,Clothing,Technology however rock at whose season.,219.66
399,Half,Toys,Lay cause explain business science suddenly door over base.,243.46
400,Onto,Books,Hand Republican college tend really.,387.2
401,Quite,Books,Itself happen bank perform too close hospital.,100.75
402,Capital,Books,Debate should style they structure.,145.88
403,First,Clothing,Sure clearly spend sort plan democratic simply audience ok brother.,363.84
404,Break,Sports,Significant your west floor group.,341.72
405,Practice,Home & Kitchen,Without office research visit town human ago bit young outside.,256.45
406,Arm,Electronics,Actually heavy easy play physical everyone glass government left style.,74.7
407,Anyone,Toys,Hope black tell read property author sometimes.,382.3
408,Staff,Sports,Explain thousand region color necessary bill development nice church tree.,117.77
409,Turn,Clothing,Fine than father include according small special partner.,122.23
410,Friend,Clothing,Affect race reason available increase unit respond school stock.,14.91
411,Environment,Books,Necessary contain test produce choice modern attorney anyone.,426.51
412,Stand,Toys,Sell fly hope opportunity shake deep poor letter example drug.,155.37
413,Economy,Toys,Health early may good week generation.,381.85
414,Stage,Books,Almost hope couple kind book sing head together.,30.0
415,Upon,Sports,Stand seat board among benefit worker he hear recent yes.,444.07
416,Police,Books,Feeling letter hour answer cause trade.,80.93
417,Girl,Sports,Front decide market sport art rather line against.,423.7
418,Name,Electronics,Yet suggest everyone religious agency red.,429.23
419,Responsibility,Books,Ten voice box kind poor assume.,408.93
420,People,Books,Environmental within matter child society no read kitchen.,280.32
421,Other,Books,Likely couple attorney station.,269.11
422,Rise,Toys,Arm over foreign without kind.,200.58
423,Pattern,Home & Kitchen,Employee year far agency international benefit chair ready interest.,485.14
424,Happen,Toys,Military mention answer news own piece data provide.,475.58
425,Live,Electronics,Near American buy although enjoy according language.,416.72
426,Present,Toys,Deep fight want surface hair.,113.35
427,Blue,Electronics,Debate age mind treatment quite much.,425.11
428,Own,Sports,Sometimes business risk way establish themselves.,20.08
429,Smile,Books,Learn yeah image would available indicate education trial within national.,346.72
430,Tree,Books,Yeah break memory policy wall whole trial program camera senior.,168.0
431,Agreement,Home & Kitchen,Cost community spring film recently politics have marriage.,86.97
432,These,Clothing,Radio positive manager wide this short.,261.62
433,Surface,Clothing,Security laugh owner toward remember.,84.64
434,Line,Electronics,Include three member charge make may alone difficult.,127.46
435,Across,Electronics,Simple energy respond on fish middle sister.,343.09
436,American,Books,Believe American save in over dark spring oil.,455.21
437,Attack,Toys,Clear church buy house down job.,37.61
438,Wife,Toys,Six partner environment respond campaign.,379.61
439,See,Home & Kitchen,Institution sit interest everybody him include act whatever letter.,31.94
440,Raise,Home & Kitchen,Possible board low control step get think girl message.,226.92
441,Project,Home & Kitchen,Appear investment particularly action.,224.44
442,Explain,Sports,Whatever article clear two research indicate staff enter west.,497.01
443,Generation,Books,Where edge sound everyone recently safe child official.,202.72
444,Population,Electronics,Computer nothing which show ball above page most add.,353.7
445,Risk,Sports,Citizen garden arm effect present fund writer.,283.3
446,Approach,Clothing,Across she lose stay significant nothing read.,435.38
447,Task,Books,Of doctor yard thought western.,54.41
448,Pass,Books,Push note explain all show style stop.,137.32
449,War,Sports,Grow keep face space Mr per.,407.8
450,Hit,Toys,He since recognize fly region themselves general wrong month.,144.48
451,Stuff,Books,Fall store leader consider think help truth exactly mission like.,440.38
452,Debate,Sports,Create feel in four help you my list rather collection.,394.96
453,Guy,Electronics,Or west address day people exactly however company by recognize.,129.28
454,Ground,Toys,Cultural treatment also charge help glass life chair.,414.39
455,Body,Home & Kitchen,Like she choice career despite run customer pattern.,423.03
456,In,Books,Continue none shake require yet develop establish.,233.18
457,Conference,Home & Kitchen,Seven produce race expect authority act baby reveal surface threat.,462.31
458,Safe,Toys,Nothing establish middle partner company like.,132.37
459,Benefit,Toys,Decide few explain politics technology their like understand step skin.,231.34
460,Often,Sports,Idea management government between half manager administration hour sport.,362.16
461,Run,Books,Century write concern think economy law.,417.83
462,Deal,Toys,Military market name subject beat beautiful challenge meeting.,321.82
463,Note,Clothing,Skill wonder form partner own yes door just beat rate success.,140.96
464,Someone,Toys,Better process threat top natural drive.,194.06
465,Feeling,Clothing,If pay thus news up attack easy.,301.04
466,Evidence,Toys,Recognize eat job to month technology never present which in.,409.91
467,Officer,Clothing,Act these collection attention century price institution material bar trip.,354.75
468,None,Home & Kitchen,Card dinner week hotel soldier relationship two event accept.,164.15
469,Word,Clothing,Entire staff go although either.,269.39
470,Result,Toys,Talk keep as world force hot bring.,24.0
471,Despite,Electronics,Treat happy a pressure listen.,16.75
472,To,Home & Kitchen,Offer age increase suddenly create second wait.,117.01
473,New,Books,See down apply attorney natural.,347.18
474,Research,Books,Finish particular stock reduce scientist option forward field.,145.96
475,One,Sports,Place religious area west.,245.36
476,Reality,Books,Summer camera course exactly finally young certain.,34.45
477,Above,Sports,What represent and senior interesting world weight.,19.27
478,Would,Clothing,Prepare movie follow others people media.,368.66
479,Couple,Home & Kitchen,Pull measure population body game east.,253.41
480,Say,Clothing,Table several cause course term local hand stock gas edge.,480.96
481,Myself,Home & Kitchen,Loss respond career left others look fine budget form.,110.57
482,Along,Sports,Seven pay next wonder lose senior dog tree.,370.15
483,Both,Toys,Once lawyer manager theory up outside arrive end parent woman.,95.06
484,Manage,Toys,Size culture change become tough test area interesting thought.,370.11
485,Set,Clothing,Couple forget focus level him guy while bring project.,125.55
486,Must,Electronics,Huge us practice as step even.,214.7
487,They,Sports,Threat sure water bring whole.,443.85
488,Color,Toys,Out home cell set produce we.,399.3
489,Election,Sports,Significant create couple word enter amount.,116.04
490,Some,Clothing,Later only live north fast.,21.64
491,Campaign,Home & Kitchen,Moment employee per thank they shake concern space.,374.04
492,Up,Electronics,Letter prepare parent we live dark second home.,46.4
493,Environmental,Clothing,Together before act stop eight member left himself practice.,452.88
494,Hour,Electronics,Myself add miss follow say here.,146.89
495,I,Toys,Occur trouble minute himself movement really.,454.59
496,Major,Sports,Data dark whole blood indeed something.,169.74
497,Edge,Books,War similar allow from yourself.,281.19
498,Star,Toys,Tree him result central join police remember conference.,299.07
499,End,Books,Relationship piece knowledge question nearly eat none bill have machine.,293.67
500,Subject,Sports,Record line power loss plant top collection there set great.,328.97
501,Physical,Electronics,Short according worry operation although whose.,361.1
502,Company,Sports,Husband process ask week different series only task.,273.0
503,Decide,Sports,And low local news only reality.,444.96
504,Check,Sports,Him hear either establish church can production.,143.99
505,Television,Sports,Remain movie occur respond board wait.,253.02
506,Determine,Home & Kitchen,Those in wonder will school.,310.93
507,Country,Toys,Note image best similar between ago scene.,200.02
508,You,Electronics,Light west upon only never prove production mention they customer.,87.97
509,Instead,Sports,Good record call everyone be big yeah significant.,194.57
510,Heavy,Sports,Responsibility parent wide movie small.,99.66
511,Sell,Books,Natural deal ago what better data particularly.,72.8
512,Almost,Clothing,Boy positive paper appear relationship brother.,145.45
513,Happy,Toys,Offer democratic staff step nothing fact.,163.43
514,Entire,Home & Kitchen,Middle would safe feel information discover late market.,323.03
515,Animal,Home & Kitchen,Total write quality contain here.,191.44
516,Yet,Books,Land contain part player energy choose education.,374.27
517,Ask,Books,Consumer win person two help PM.,329.29
518,Score,Sports,Fly memory soon close information because contain.,52.71
519,Day,Toys,Community class type young game.,246.35
520,Everyone,Toys,Rest factor ago during hand ever nation with goal including.,338.33
521,Type,Sports,Course break gun then second half language.,201.5
522,Democrat,Books,Realize product need everything visit film subject century program cost.,308.57
523,Tough,Sports,Fact son fly best cost collection staff.,107.42
524,Enter,Books,Front often appear experience early me executive western religious gas.,452.4
525,Because,Toys,Recently believe big herself gun.,414.2
526,About,Electronics,Give management herself gas theory account cause large.,219.2
527,Pull,Clothing,Official ok source today.,465.37
528,Memory,Books,Matter street between speak TV you.,481.81
529,Everything,Electronics,Improve these person if happy.,190.45
530,Impact,Toys,Region at system how behind movie.,178.24
531,Only,Sports,Apply remain evening establish stand always.,361.81
532,Number,Electronics,Matter PM statement like TV budget degree.,161.37
533,Clearly,Electronics,Nearly couple water act deal forget.,458.88
534,Reflect,Toys,Executive capital current majority.,221.86
535,List,Clothing,Citizen most my let give ahead anyone personal.,202.19
536,Two,Clothing,Participant return garden whatever write these can remain.,346.32
537,Show,Sports,South image return theory mother break deal.,254.86
538,Specific,Sports,Brother fish pattern cost may both act determine.,295.91
539,Choose,Home & Kitchen,Enough kitchen imagine final bag benefit media artist reflect power shoulder.,469.58
540,Act,Books,Piece material hospital information hot.,49.92
541,Recently,Home & Kitchen,Care source result see whose population trial pretty.,396.44
542,Page,Sports,Analysis over might whether reflect opportunity beat care beautiful we.,194.48
543,Author,Home & Kitchen,Citizen themselves down brother prove actually magazine standard information.,270.82
544,Individual,Sports,Official within reality become out table agency paper others goal.,8.69
545,Beyond,Books,Nor eat third race professor certain world might.,431.05
546,Site,Toys,Occur give control me share deep today tax draw.,418.14
547,Hot,Toys,Window military opportunity this sister positive wide stock.,204.45
548,Fall,Books,Himself building practice least send receive notice each production mouth.,311.24
549,Budget,Clothing,Whom medical recently sound notice.,167.22
550,Laugh,Electronics,Shake condition create after.,271.79
551,Lay,Toys,Seat audience consider letter analysis body perhaps worry always sit.,107.09
552,Seat,Books,Owner language suddenly series strong decision realize.,330.48
553,Machine,Electronics,Fill arm remain house watch few use avoid quality general.,19.29
554,Rock,Clothing,Less policy real surface appear democratic tell sit against gas.,450.9
555,Bill,Home & Kitchen,Shake film budget Democrat year tell production cultural.,140.75
556,Ago,Electronics,Worry right position second color record billion discussion significant.,341.76
557,Week,Electronics,Run maybe officer white.,384.9
558,By,Sports,Reflect green issue past main west understand minute quality method.,132.58
559,Language,Sports,Wear security letter skin free reduce firm it sit most.,441.16
560,If,Toys,Direction decision staff quickly then catch space.,11.27
561,Professional,Toys,Later project catch moment require better tonight.,316.27
562,Face,Clothing,In late from interesting describe knowledge follow term stop kind blood.,417.21
563,Most,Home & Kitchen,Human positive determine produce west herself.,336.74
564,Rich,Home & Kitchen,Expert left view decide myself probably child.,241.9
565,Strategy,Electronics,Involve partner account fine enjoy station nice.,139.51
566,Agent,Clothing,I rock pay executive law fly.,115.76
567,Continue,Home & Kitchen,Early bring owner drive staff quality determine deal.,280.76
568,President,Electronics,Option season language again degree any wall.,166.98
569,Deep,Electronics,Eye method yeah difference much certain nature cost.,149.59
570,But,Books,Quite return month about rule do commercial few number difference.,191.71
571,Seven,Books,Everything what almost month same stand media each side get.,304.72
572,Dream,Home & Kitchen,Main full son page continue he require.,415.4
573,Process,Home & Kitchen,Event read country white debate security themselves growth reveal within.,285.34
574,Mention,Clothing,Thank consider summer participant according bag similar.,106.36
575,Where,Home & Kitchen,Teach this certainly wait first enter individual.,28.56
576,Structure,Electronics,Media some race once degree arm either relate scene rise.,266.54
577,On,Books,Above computer save side cell.,278.14
578,Event,Sports,Country bit star service realize culture whole case writer money hold.,237.53
579,Much,Electronics,Thus half result many anything message none.,406.13
580,Appear,Home & Kitchen,Industry sound drug view free throughout most work production.,239.45
581,Red,Clothing,Process early conference police Democrat rather research.,133.75
582,Military,Home & Kitchen,Increase when production popular community each despite.,382.39
583,Indicate,Electronics,Parent mission story per your particular easy.,5.42
584,Month,Clothing,Senior visit vote reach site blood discussion right put.,169.76
585,Really,Electronics,Trial water front alone ago per between energy the more.,232.73
586,Audience,Sports,Enjoy though animal much federal step really.,473.59
587,Ever,Books,Walk follow church magazine no husband manager enough thing.,320.35
588,Citizen,Sports,Way during modern best great record at change probably.,102.26
589,Worker,Electronics,Nation region perform available spring thing prepare draw common us side.,177.05
590,Consumer,Books,Win boy upon meeting set huge though listen.,194.33
591,It,Clothing,Arm trial clear better by home back future local.,322.83
592,Call,Books,Professor raise task professional catch baby chair focus.,163.43
593,Beautiful,Home & Kitchen,Story woman which reach drive day approach ever page.,232.81
594,Future,Clothing,Board amount here spring his.,367.06
595,Total,Toys,Hold gas town hot against product from.,120.14
596,Whom,Books,Language only point discuss will meet every research hospital.,301.7
597,Bed,Sports,Write poor moment personal see window hear Congress table.,21.79
598,Product,Home & Kitchen,Federal reduce director happy certain majority eye.,476.52
599,Or,Toys,State attention door resource hope media reduce memory.,312.58
600,Concern,Clothing,Security thought popular expect street enough including.,231.25
601,Level,Electronics,Case director Mr author around popular fact cup threat way.,211.53
602,Draw,Books,Push particular environment property because who international water indicate east.,461.4
603,Include,Sports,Between task best question never office.,304.65
604,Boy,Sports,Answer who present summer garden need discover edge anything memory.,452.02
605,Center,Books,Write too professor police capital hear might.,150.99
606,Yes,Sports,We everybody pretty speak season big PM friend art somebody.,321.81
607,Occur,Clothing,Total kid receive claim.,424.41
608,Guess,Sports,Budget reality foot wide eat.,438.05
609,Throughout,Sports,Others people there national conference set manager operation moment.,163.05
610,Poor,Sports,As us just begin charge house degree.,56.7
611,According,Books,Guy drop cold physical region quickly our not field.,243.03
612,Interview,Home & Kitchen,Company condition author society bad available line.,299.25
613,Evening,Clothing,Industry senior decision western dog price peace.,343.82
614,How,Electronics,Respond guy agency agency south.,51.17
615,Little,Clothing,Address order study center focus everything travel.,187.39
616,News,Home & Kitchen,Art outside hot identify whole least town various.,340.63
617,Assume,Books,Else indeed man fine media hour tell.,90.2
618,Bank,Sports,Question every across leader break.,135.78
619,Behavior,Home & Kitchen,Drop thank her trade none new spring concern type should.,84.54
620,He,Electronics,Create reflect race allow among huge low.,33.69
621,Contain,Books,Want house boy protect stand risk happen identify case.,412.47
622,Enjoy,Clothing,Add parent open process ok sound trip professional finally road student.,232.55
623,Inside,Home & Kitchen,Fear card should later already push.,155.27
624,Difference,Books,Physical answer picture role say top.,76.21
625,Operation,Home & Kitchen,People long doctor health possible set across write.,468.25
626,Community,Sports,War cell actually room important.,345.08
627,Something,Home & Kitchen,Particular nearly include discover few them style process beautiful.,86.41
628,Traditional,Sports,Reduce black do mention spend.,205.77
629,Relate,Books,True forward process stuff report test.,93.67
630,College,Home & Kitchen,Natural type area there artist gas maintain whether measure.,168.75
631,Know,Sports,Point civil question call development.,123.82
632,Force,Toys,Already list full rise police side eight start effect eye.,234.86
633,Well,Toys,Expert appear dinner lead let per tough perform fire reflect.,203.56
634,Pretty,Home & Kitchen,Fall trial billion fact stay education character small.,36.53
635,Think,Clothing,Language soon attorney past work thousand.,288.15
636,Health,Home & Kitchen,Firm woman bill edge behavior.,34.85
637,Degree,Sports,Nor recognize study everybody choose much.,413.45
638,Buy,Electronics,Sound between tend budget whom yet.,153.98
639,Performance,Books,If exist walk week before find finally.,67.95
640,Before,Toys,Close attention even even doctor.,188.03
641,Eight,Toys,Hard pretty buy arm might.,35.7
642,Lead,Home & Kitchen,American power personal deep husband maybe method group.,279.9
643,Left,Home & Kitchen,Process everyone capital tax.,42.49
644,Forget,Electronics,Expert continue everything peace allow feeling different paper different.,94.67
645,Expert,Sports,Very day few they front race increase two.,203.31
646,Hard,Sports,Major site agent third still spend choice million minute.,56.72
647,Talk,Home & Kitchen,Network activity reality minute manager as just nearly.,222.67
648,Art,Sports,Information reality each responsibility big no production according really my billion.,344.67
649,Maintain,Clothing,Simple before eat evidence among prevent service often senior.,419.7
650,Sort,Electronics,Report lay class avoid letter actually send listen.,415.5
651,Sign,Toys,Old anyone policy what shake.,367.04
652,Religious,Electronics,One including administration maintain degree however ask quite.,368.42
653,Bar,Sports,Situation garden he management story.,190.04
654,Lot,Books,Morning power environment middle player statement rate want general.,360.54
655,Image,Sports,Perform cell live perhaps light.,16.26
656,Finish,Sports,Piece wrong state either my.,277.56
657,Third,Sports,Easy stop gun many easy near TV.,407.49
658,Republican,Toys,Air national business probably party huge edge politics behavior.,462.25
659,Nor,Electronics,Quality western make investment sit without strong social admit.,178.56
660,Carry,Home & Kitchen,Side development car prevent series step old itself home.,211.26
661,Feel,Home & Kitchen,Happen language wife apply rather may design record.,434.32
662,Per,Clothing,Policy pay way bad cultural.,201.65
663,Culture,Sports,Memory behavior task amount bring lot society.,346.28
664,Story,Books,Goal exactly cover mouth happy statement president use scene.,193.74
665,Next,Home & Kitchen,Center left action around process.,79.11
666,Imagine,Books,Can much middle camera similar some reveal job.,306.74
667,Service,Home & Kitchen,Quality citizen claim fire difference later.,165.58
668,Important,Sports,Think your five free successful gun wonder note.,150.16
669,Mean,Books,According television certain capital five expert interest look voice available.,223.81
670,Suffer,Sports,Education spring Mrs expert control early add.,190.01
671,Him,Home & Kitchen,Raise like rich it happy whatever run.,395.4
672,Democratic,Electronics,Those behind per standard especially important guess language.,95.08
673,Nature,Toys,May since skin determine popular gas today people one near.,259.95
674,Range,Books,Tough shake center small campaign public job.,459.28
675,Themselves,Toys,Officer production suffer site action skin.,94.52
676,Quickly,Toys,Somebody out community news close start task recent chair.,407.05
677,Option,Electronics,Although when nice this history third American by TV government.,294.48
678,Writer,Books,She network per big artist help ten red message.,492.53
679,Today,Clothing,Cut find walk own style allow happen.,242.73
680,Young,Electronics,Whom beautiful say like worry PM view accept success.,272.08
681,Figure,Electronics,Alone executive hundred among authority number prepare.,217.16
682,Once,Books,Trial teacher base Mrs type could challenge start ago to top.,40.84
683,Particular,Electronics,Stop instead better where drop talk move let film.,191.58
684,Fine,Home & Kitchen,Production fill sit man firm fill visit.,223.38
685,Get,Home & Kitchen,Writer news maybe others compare end serious.,15.48
686,Class,Electronics,Close magazine late fire window beyond entire now pay.,380.23
687,Without,Books,School small direction church size remember.,209.36
688,Short,Home & Kitchen,Treatment quality over happy cultural outside with high include student.,157.54
689,Dinner,Sports,Minute mouth do author other see second.,391.74
690,Peace,Toys,Source morning prove control must north require or.,245.13
691,White,Toys,Everybody meet lead her doctor evidence apply already why.,382.06
692,Team,Sports,Mention grow charge goal bank foreign able.,403.2
693,Four,Electronics,Pass after social generation less very.,29.17
694,Government,Clothing,Third result accept house general conference reduce control.,151.45
695,Especially,Home & Kitchen,Check cold production seem discover choice push western issue letter.,90.99
696,Hair,Clothing,Value eye red modern center paper again.,157.45
697,Maybe,Electronics,Happen idea individual job measure face role.,390.61
698,Small,Books,Would memory hit different only.,254.54
699,Remember,Sports,Throw difficult alone game prevent.,173.13
700,Piece,Toys,Agreement institution machine church society.,95.59
701,Spend,Toys,Response attack radio yard under one maybe likely.,444.71
702,Region,Home & Kitchen,Heart it soon woman PM road security artist those.,288.21
703,Rate,Clothing,Lead receive manage network full five large cause.,421.28
704,Space,Electronics,Stage explain professor important front mind identify difference thing environment.,24.55
705,Board,Clothing,One certainly those indeed film you Republican realize possible generation.,321.2
706,Question,Home & Kitchen,Region quite floor interview house American bill art.,174.84
707,Fish,Clothing,Institution area color space middle phone.,481.25
708,History,Sports,Hit instead lead sell less gas.,439.12
709,Light,Books,Fill clearly sing into difference price.,357.37
710,Try,Home & Kitchen,Red exist stop law six town pass father.,486.78
711,Any,Sports,Detail inside option black both represent.,444.5
712,Possible,Sports,One suddenly dog claim among exist by her former.,410.76
713,Although,Toys,Form by bed then soon raise team response.,460.4
714,Section,Electronics,Police car rock they institution certainly seat manage follow exactly.,432.73
715,Less,Sports,Process end evening sound she specific off end.,46.11
716,After,Toys,Recently worker foreign morning glass art black.,188.96
717,Hotel,Home & Kitchen,Business behind face you stop off into size.,9.14
718,Group,Sports,White street test rule either enter.,200.52
719,Lawyer,Toys,Public charge participant national pull impact grow seem crime husband.,96.28
720,Report,Toys,Purpose ago since low agree yard.,61.45
721,Table,Sports,First baby beautiful which pay against.,73.97
722,Dark,Sports,Wife near send me car sister cultural sell agent issue scene.,413.23
723,Argue,Clothing,Action strategy join whether find out door movement dream condition.,366.81
724,Discover,Electronics,Sense set deal sure stay much.,499.14
725,Meet,Books,Hear despite mention build decision forward.,326.29
726,Provide,Books,Financial ability save just thousand.,229.9
727,Can,Electronics,Environmental attorney college know already authority.,173.29
728,Sister,Sports,Another memory read daughter drug finish table learn.,369.81
729,Blood,Sports,Conference eye whole lead.,210.69
730,Movie,Toys,Decision military another plan wide.,169.42
731,Discussion,Home & Kitchen,Worker improve someone eat lose choose.,255.26
732,Weight,Books,Dog treat summer their protect raise recognize generation.,231.27
733,Toward,Electronics,Level clearly threat suddenly yet teacher bank term case.,225.13
734,Able,Toys,Hospital stage central win director plant establish accept improve off.,426.95
735,Together,Sports,They owner such production star left.,313.19
736,She,Books,Central he evening eye suffer federal area discussion section.,142.36
737,Whose,Books,Mouth make edge blue north.,323.73
738,Final,Clothing,Yard staff summer pressure.,204.83
739,Case,Sports,Little price call such young policy quite.,467.16
740,Expect,Clothing,Cold hard white appear player interesting response.,353.88
741,Water,Clothing,Detail sign improve true ahead interview value mind.,136.6
742,Glass,Home & Kitchen,Gun system hotel book or plant born through at Republican.,166.52
743,Threat,Sports,Buy support entire phone establish sign ready although.,408.63
744,Sound,Electronics,Black same decision today receive worker.,411.42
745,Person,Clothing,Improve these stand enough seat class several film financial forget animal.,21.92
746,Central,Clothing,Mrs just industry sign somebody green glass appear democratic.,123.01
747,Use,Electronics,First piece financial leader another sell Democrat sea specific.,336.59
748,Win,Clothing,Financial book south nation maintain wide eye control.,172.28
749,Bad,Electronics,Poor keep marriage issue claim foreign just sport why nearly.,385.92
750,Tax,Home & Kitchen,Understand price responsibility project example blood.,425.68
751,More,Books,Join say play up can spend plant another.,44.56
752,Become,Toys,Group party war however catch beautiful.,107.83
753,Age,Home & Kitchen,Body star point trade yard firm impact bit meeting.,389.16
754,Join,Clothing,Research body people deal left perform drop number establish but.,83.97
755,Into,Toys,Arrive true way night ball operation.,227.93
756,Allow,Books,Speech hope as recognize Democrat.,317.21
757,Partner,Books,Professional need necessary western know.,26.41
758,Example,Electronics,Attorney such agent case personal side then serious former mission.,337.07
759,City,Clothing,Keep enjoy unit set able sister series hair.,46.89
760,Cover,Clothing,Hair policy stop nice for buy difference sister then.,220.42
761,Never,Sports,Page its require task test peace marriage.,354.74
762,Behind,Electronics,Summer memory possible laugh possible all security night.,464.34
763,Data,Books,Material meet easy plan consumer audience.,121.69
764,Professor,Sports,Three lot sea right pressure reduce carry cover.,358.35
765,Others,Clothing,Work group finish usually.,153.26
766,Customer,Electronics,Nor up true east other poor green indeed.,275.94
767,Moment,Electronics,Yourself stand pick imagine thought improve.,470.02
768,Congress,Toys,Trade radio little answer someone building responsibility sing term less.,16.14
769,Improve,Electronics,Manage wait same sing accept fight safe.,188.95
770,Thought,Clothing,Tv along town yard wonder situation smile.,110.3
771,Around,Electronics,Dog in reveal several likely compare capital.,339.05
772,Executive,Home & Kitchen,Building head various easy southern.,105.82
773,Money,Sports,Accept these man your often study she audience culture picture recognize.,54.19
774,Standard,Sports,Suggest agency gas our together in skin second.,165.07
775,Season,Home & Kitchen,See party run somebody ten.,319.75
776,Enough,Toys,Help beyond technology seek dark different could.,86.59
777,Tell,Toys,Explain past piece say.,458.93
778,Market,Home & Kitchen,Seat pretty admit stop professional city pay six job.,311.62
779,Top,Electronics,Stop necessary support the charge note item.,202.68
780,Very,Books,Success leg industry week today act.,53.12
781,Education,Books,Ok police environment as chance almost point also blue.,218.18
782,Chance,Books,Though huge group score soon never home identify many.,388.6
783,Fact,Books,Apply first arm cultural like.,221.87
784,Authority,Sports,Spring newspaper admit fine debate century.,343.48
785,During,Sports,Raise group certainly international why ball level yard someone probably.,216.63
786,Those,Electronics,Media fund rather fast national scene election short hundred.,11.38
787,Then,Home & Kitchen,Not during very size truth grow government send happy.,481.2
788,Wish,Books,Find child former new on book those impact yes.,357.07
789,Thing,Electronics,Such teach better memory show consider.,497.62
790,Consider,Electronics,Democrat personal blood head hotel particular thank away its.,89.9
791,Various,Sports,Skill parent than yeah church throw record thousand time.,378.99
792,Field,Electronics,Arm whatever part western read since.,165.67
793,Method,Clothing,Leader could night radio interesting girl year owner religious.,164.94
794,Industry,Clothing,Popular small front something what finally.,12.54
795,Size,Home & Kitchen,Own beyond lay senior fill save some.,208.4
796,Song,Home & Kitchen,Responsibility protect owner cell social try discussion free difficult have.,496.08
797,Them,Clothing,Hit professor at close conference chance example few sort.,398.4
798,Man,Toys,Century be debate fast human lot.,115.28
799,Now,Home & Kitchen,Live accept interview add amount one.,449.64
800,Employee,Toys,Act three finish compare economic.,225.14
801,Answer,Sports,Movement strong turn present quality street guess voice glass.,397.57
802,Avoid,Toys,Outside serve clear yet others around trip with.,277.21
803,Ahead,Electronics,Sign especially something test pull idea both manage site even.,296.95
804,Security,Toys,Travel degree guy task wish new development pass.,360.65
805,Herself,Clothing,Play rate leave all only teacher.,459.59
806,Style,Electronics,Rather player else understand question leader down store.,296.42
807,Kid,Clothing,About walk focus those if charge six forget center.,238.4
808,Activity,Toys,Past whom method better throw.,231.74
809,Respond,Toys,Teacher mission within keep style about toward identify possible.,139.71
810,Be,Toys,Clearly nice form Republican front consumer participant.,437.83
811,Action,Sports,Bad fund man property whom become president sort either read.,187.58
812,Perhaps,Books,Democratic fly source form various capital.,495.72
813,Ten,Clothing,Offer law note mention pick whom support on reach.,320.09
814,Order,Sports,Not thus front pass manager step same benefit involve challenge.,397.56
815,Offer,Home & Kitchen,Level improve white reflect positive sign wrong exist serve role.,61.07
816,Since,Toys,Apply probably both past agent good through know he expert hit.,83.35
817,Trial,Toys,Science option both statement last baby modern far.,342.49
818,Job,Clothing,Democrat put drive campaign response keep apply spring current.,15.71
819,Form,Sports,Pick voice weight voice none back leg concern.,321.74
820,Usually,Toys,Reflect sit next consumer miss detail economic suddenly lose.,264.81
821,The,Home & Kitchen,Bring soldier pressure among relationship everyone three seem his special.,150.98
822,Indeed,Sports,Democrat buy here yeah drive service help discover public big.,202.87
823,Walk,Toys,Senior again according film deal guy.,473.88
824,Large,Electronics,Move arm hand full agreement I west add.,191.62
825,Move,Sports,Rock head under knowledge whose marriage.,217.15
826,Begin,Home & Kitchen,Five but summer body you our.,186.07
827,Open,Home & Kitchen,Student participant seat technology.,47.37
828,Message,Home & Kitchen,Fly floor always wall born two must my.,313.66
829,Again,Electronics,Maintain doctor citizen federal single role.,164.3
830,Alone,Toys,Beat why value green deal history study paper ok.,330.72
831,Ready,Toys,Movement decide federal fight long issue draw card.,82.98
832,Financial,Books,Wall image condition value prove either discussion positive light.,393.48
833,Want,Toys,Far book exist statement pressure watch firm figure.,111.05
834,Building,Toys,Mr lawyer individual change consider piece style listen.,282.62
835,Return,Home & Kitchen,Paper capital discussion some building statement interest.,271.06
836,Measure,Home & Kitchen,Single together before race away.,469.13
837,Window,Electronics,Bag position reduce board able property decision.,146.31
838,Morning,Clothing,Why family fast individual rock some act grow.,270.8
839,Decision,Clothing,Shake direction enjoy newspaper carry later natural resource.,388.8
840,Box,Toys,Event back leg wife late body message space five.,357.1
841,Under,Toys,Response voice bag interview piece group yourself cost.,474.95
842,Cultural,Sports,Property sure news entire become artist treatment fund international physical network.,26.57
843,Film,Home & Kitchen,Give itself head know friend represent hit open.,119.65
844,Marriage,Clothing,Agree go fall see prepare behind quite determine stage why.,414.05
845,Ok,Sports,White just when either city door chance but.,331.37
846,Treatment,Toys,Federal exist age lawyer ahead travel bag.,310.74
847,Else,Home & Kitchen,Seem of weight reveal city long friend there service within.,285.99
848,Take,Sports,Member effort measure significant ask training national major chair minute.,218.01
849,Experience,Clothing,Firm guess agent rate loss day yes better probably just.,326.02
850,At,Clothing,Force and free subject shake business fear traditional.,106.96
851,Skill,Books,Even us available various security position treatment war.,144.81
852,Actually,Clothing,Capital during but first back what authority total.,150.09
853,Me,Sports,Actually front including far wonder.,204.67
854,Politics,Home & Kitchen,Present glass major group class more bit crime.,145.41
855,Member,Sports,State commercial give actually whose debate hotel method.,228.12
856,Position,Clothing,Use dark fall question question pretty ready remain.,239.45
857,Child,Books,Sure collection page develop door occur again against voice today.,404.39
858,Game,Clothing,Race director official position stop partner employee him affect recognize accept.,496.85
859,As,Toys,Throughout use center full will husband partner.,344.87
860,Simple,Toys,During wear game term generation let number some.,349.33
861,Who,Sports,Dark ground total mother prove dinner again know reveal current.,98.17
862,Direction,Home & Kitchen,Put others send because they student become media whose create.,30.9
863,Hand,Clothing,Across per training according.,217.59
864,Exist,Sports,Scientist court never weight sing month.,103.18
865,Resource,Toys,Nearly important arrive person religious happen property few usually off.,289.61
866,Notice,Sports,Keep central together strategy society save make one.,243.21
867,Civil,Books,Candidate impact customer machine box bank impact.,471.89
868,Create,Home & Kitchen,Parent build call sing only present result defense then.,65.15
869,Fight,Sports,Note side cell hope crime degree east put entire recently everyone.,437.88
870,Worry,Books,Table computer trial blood cup believe off.,73.49
871,Artist,Sports,Church fill yes night economic poor simply reach.,44.7
872,Effort,Sports,Affect Democrat her whatever next morning friend ten statement.,111.07
873,Model,Electronics,He investment trade respond seem center security whose.,393.21
874,Senior,Books,Paper world dream something me.,226.98
875,Many,Sports,Reach number assume send article campaign American level figure.,218.92
876,Why,Sports,Couple plan short writer.,261.3
877,Agree,Electronics,Among maybe eight expect move standard fund if summer name.,64.87
878,Character,Electronics,Reality phone some challenge business condition.,299.08
879,Remain,Sports,Success available although tough we glass policy season.,128.26
880,Reveal,Sports,Though truth bag black send resource agree officer many.,293.99
881,Strong,Clothing,Performance loss gas third increase dog throughout top wear perform pay.,410.81
882,Find,Sports,Debate enjoy design cold old onto.,315.08
883,Stay,Clothing,Movie watch soldier account decide than magazine art person.,395.04
884,Require,Sports,Spring player political must still statement road phone ready.,266.22
885,Yourself,Home & Kitchen,Trip box walk really take line media financial read.,340.07
886,Each,Toys,Cell various why night group key eye address actually arm.,367.09
887,Rather,Electronics,Toward serious mother discover your imagine public other west say.,212.29
888,Personal,Books,Peace within election card now.,355.64
889,Hold,Books,House recent country chance religious center difficult window hit.,477.99
890,Believe,Books,Necessary land ahead effect break.,56.52
891,Such,Sports,Most someone career pass whole wrong fear.,183.39
892,Situation,Clothing,Several scientist fight do visit dream.,440.51
893,Teacher,Books,Among present really ability interview mouth or onto raise.,285.01
894,Bring,Toys,Fine total contain well bring billion stage lay air suddenly.,117.39
895,Hear,Sports,Attack ever police face after day job.,292.34
896,Garden,Sports,Cultural away debate be condition.,486.91
897,Learn,Clothing,Leave under few building sense little run.,219.28
898,Through,Toys,Ten stuff care general especially just.,496.53
899,Treat,Clothing,Will performance old field interesting section street.,333.53
900,Director,Toys,Produce her commercial school policy.,246.4
901,Agency,Electronics,There themselves list strong forget.,444.37
902,System,Electronics,Marriage field worry over us sign star toward from fact.,277.07
903,Middle,Books,Down me improve money say last health writer operation prove.,491.53
904,Coach,Toys,Memory recognize character process job capital catch environmental budget put.,441.92
905,Key,Home & Kitchen,Task nothing tax although relationship.,179.1
906,Realize,Toys,Draw wall hope discussion would.,305.88
907,Charge,Books,Section report church other side focus direction arm high.,257.59
908,Change,Toys,Black popular never life purpose security become carry.,102.49
909,Husband,Electronics,Rather available not operation watch medical edge protect particularly focus.,291.34
910,Save,Books,Its Republican experience direction above radio bring article story.,469.73
911,Meeting,Books,Word address war chance stock hospital heart.,406.89
912,Over,Sports,Field if away garden painting stand population.,78.23
913,Effect,Sports,Whatever deep wonder worker wide season bank clearly owner.,5.05
914,Which,Sports,Activity big yourself college strategy argue significant.,26.58
915,Network,Clothing,Last local home life result address test road.,332.96
916,Role,Home & Kitchen,Line dinner wrong blue learn film.,57.24
917,Make,Books,Eight business parent perform already law.,205.04
918,Power,Toys,Expect sit water likely policy need movie operation general kid.,332.75
919,When,Books,Three city see race human short season.,361.6
920,Spring,Toys,Wrong write over course probably their tell.,441.47
921,Stop,Toys,Law all near green another artist.,161.88
922,Scene,Clothing,Soldier total interest company feeling they election.,262.32
923,Door,Home & Kitchen,Yes population shake capital plan.,183.92
924,Understand,Toys,Although reality activity before trip senior force listen.,463.38
925,Land,Toys,Couple represent skin thus process.,481.44
926,Gas,Books,Discuss southern voice so ready yes building seat management fine.,92.93
927,Amount,Toys,Wrong I ball significant near election collection star hour.,151.56
928,Material,Electronics,Then somebody ball establish admit speech law between else arrive.,193.55
929,Speak,Books,Agent face over father worry allow feel.,477.94
930,Place,Clothing,People manage hear back executive live might any night.,187.4
931,A,Sports,National guy teach feeling light unit goal will can.,429.01
932,Old,Home & Kitchen,Still operation language Mr begin young side woman.,41.46
933,Church,Electronics,Run term group somebody watch bank determine.,62.14
934,Term,Home & Kitchen,Low per want store smile there space evening.,99.6
935,Sport,Clothing,Recently value call play career decision cultural artist.,126.49
936,However,Toys,Add state identify seek student paper.,46.86
937,Wind,Books,Big they green relate not.,391.27
938,Manager,Books,Trade build tax suffer walk word.,195.42
939,Least,Home & Kitchen,Less assume again easy once speak pressure.,455.3
940,Nothing,Toys,Pull kid red his term administration wish.,203.18
941,Wonder,Books,Back hot book course break central yes without truth return.,253.73
942,Black,Home & Kitchen,Debate goal land board happy pressure approach language next often.,495.64
943,Fund,Sports,Financial not rise first sort event.,174.62
944,Drop,Toys,His expert get his.,291.83
945,Mr,Toys,Southern between much center simply.,102.04
946,Minute,Toys,That really identify laugh about.,111.77
947,Keep,Clothing,Where language show wind join near test.,415.05
948,Soldier,Clothing,Democrat camera similar movement cold difference or.,460.77
949,Claim,Sports,Dinner whatever community wrong recent.,108.75
950,Seek,Sports,Will record guy lay five including necessary black watch.,59.31
951,Too,Toys,Capital drop how situation adult strong.,448.5
952,Prepare,Books,Family consider play individual not drive shoulder bill.,101.37
953,Clear,Sports,Clearly either lay show traditional arm many else writer.,320.02
954,Address,Home & Kitchen,Late professional stuff nature figure cause partner focus from.,230.18
955,Knowledge,Electronics,Nice kitchen fly never media people score meet news.,6.19
956,Care,Home & Kitchen,Skill lay head large already Mr light.,265.11
957,Whatever,Sports,Far song bit lawyer Republican week.,395.36
